-- phpMyAdmin SQL Dump
-- version 5.2.1
-- https://www.phpmyadmin.net/
--
-- Host: 127.0.0.1
-- Generation Time: Jun 23, 2025 at 06:51 AM
-- Server version: 10.4.32-MariaDB
-- PHP Version: 8.0.30

SET SQL_MODE = "NO_AUTO_VALUE_ON_ZERO";
START TRANSACTION;
SET time_zone = "+00:00";


/*!40101 SET @OLD_CHARACTER_SET_CLIENT=@@CHARACTER_SET_CLIENT */;
/*!40101 SET @OLD_CHARACTER_SET_RESULTS=@@CHARACTER_SET_RESULTS */;
/*!40101 SET @OLD_COLLATION_CONNECTION=@@COLLATION_CONNECTION */;
/*!40101 SET NAMES utf8mb4 */;

--
-- Database: `icare`
--

-- --------------------------------------------------------

--
-- Table structure for table `admins`
--

CREATE TABLE `admins` (
  `AdminID` int(11) NOT NULL,
  `AdminName` varchar(100) NOT NULL,
  `Password` varchar(255) NOT NULL,
  `isActive` tinyint(1) NOT NULL,
  `CreatedAt` timestamp NOT NULL DEFAULT current_timestamp()
) ENGINE=InnoDB DEFAULT CHARSET=utf8mb4 COLLATE=utf8mb4_unicode_ci;

--
-- Dumping data for table `admins`
--

INSERT INTO `admins` (`AdminID`, `AdminName`, `Password`, `isActive`, `CreatedAt`) VALUES
(1, 'admin', '$2b$10$4.OAlaztF9R6.Vho4UJet.a.oujocS0BJtNzM4ZimYEBFNyL3PeEK', 1, '2025-06-12 22:16:49'),
(2, 'icare', '$2b$10$sZyN.ct5Oegh38Sm4rLYBO0CgnJL6iKF9VojKIi9B7hOXPEUPf2Ru', 1, '2025-06-12 15:46:42');

-- --------------------------------------------------------

--
-- Table structure for table `articleedits`
--

CREATE TABLE `articleedits` (
  `EditID` int(11) NOT NULL,
  `HealthArticleID` int(11) NOT NULL,
  `AdminID` int(11) NOT NULL,
  `EditDate` timestamp NOT NULL DEFAULT current_timestamp(),
  `EditDescription` text DEFAULT NULL
) ENGINE=InnoDB DEFAULT CHARSET=utf8mb4 COLLATE=utf8mb4_unicode_ci;

--
-- Dumping data for table `articleedits`
--

INSERT INTO `articleedits` (`EditID`, `HealthArticleID`, `AdminID`, `EditDate`, `EditDescription`) VALUES
(1, 1, 1, '2025-06-12 20:52:05', 'test'),
(2, 1, 1, '2025-06-12 20:52:26', 'test'),
(3, 1, 1, '2025-06-12 20:52:44', 'test'),
(6, 1, 1, '2025-06-13 02:04:29', 'แก้ไขรายละเอียดของโรค'),
(7, 14, 1, '2025-06-14 03:47:22', 'เปลี่ยนสถานะการเผยแพร่'),
(8, 14, 1, '2025-06-14 03:47:23', 'เปลี่ยนสถานะการเผยแพร่'),
(9, 15, 1, '2025-06-14 03:47:25', 'เปลี่ยนสถานะการเผยแพร่'),
(10, 15, 1, '2025-06-14 03:47:26', 'เปลี่ยนสถานะการเผยแพร่'),
(11, 16, 1, '2025-06-14 03:47:27', 'เปลี่ยนสถานะการเผยแพร่'),
(12, 16, 1, '2025-06-14 03:47:27', 'เปลี่ยนสถานะการเผยแพร่'),
(13, 33, 1, '2025-06-14 03:47:52', 'เปลี่ยนสถานะการเผยแพร่'),
(14, 33, 1, '2025-06-14 03:48:02', 'เปลี่ยนสถานะการเผยแพร่'),
(15, 1, 1, '2025-06-14 22:51:33', 'แก้ไขคำอธิบาย'),
(16, 14, 1, '2025-06-14 22:52:47', 'แก้เนื้อหา'),
(17, 15, 1, '2025-06-14 22:53:38', 'แก้เนื้อหา'),
(18, 16, 1, '2025-06-14 22:54:36', 'เนื้อหา'),
(19, 17, 1, '2025-06-14 22:55:25', 'เนื้อหา'),
(20, 18, 1, '2025-06-14 22:57:01', 'เนื้อหา'),
(21, 19, 1, '2025-06-14 23:00:03', 'แก้เนื้อหา\n'),
(22, 20, 1, '2025-06-14 23:01:01', 'แก้เนื้อหา\n'),
(23, 21, 1, '2025-06-14 23:03:07', 'แก้ไขเนื้อหา\n'),
(24, 22, 1, '2025-06-14 23:04:09', 'แก้ไขเนื้อหา'),
(25, 23, 1, '2025-06-14 23:04:49', 'แก้ไขเนื้อหา'),
(26, 24, 1, '2025-06-14 23:05:29', 'แก้ไขเนื้อหา'),
(27, 25, 1, '2025-06-14 23:06:16', 'แก้ไขเนื้อหา'),
(28, 27, 1, '2025-06-14 23:08:24', 'แก้ไขเนื้อหา'),
(29, 1, 1, '2025-06-15 07:42:50', 'เปลี่ยนสถานะการเผยแพร่'),
(30, 1, 1, '2025-06-15 07:42:51', 'เปลี่ยนสถานะการเผยแพร่'),
(31, 1, 1, '2025-06-16 01:03:02', 'เปลี่ยนสถานะการเผยแพร่'),
(32, 1, 1, '2025-06-16 01:03:05', 'เปลี่ยนสถานะการเผยแพร่'),
(33, 1, 1, '2025-06-16 05:49:04', 'เปลี่ยนสถานะการเผยแพร่'),
(34, 1, 1, '2025-06-16 05:49:04', 'เปลี่ยนสถานะการเผยแพร่'),
(35, 1, 1, '2025-06-17 07:59:59', 'แก้รายละเอียด'),
(36, 1, 1, '2025-06-17 08:00:11', 'แก้รายละเอียดโรค'),
(37, 26, 1, '2025-06-17 08:40:17', 'แก้ไขข้อมูล'),
(38, 26, 1, '2025-06-17 08:40:31', 'แก้ไขข้อมูล'),
(39, 1, 1, '2025-06-17 08:42:08', 'แก้ไขข้อมูล'),
(40, 1, 1, '2025-06-17 08:42:21', 'แก้ไขข้อมูลรายละเอียด'),
(41, 1, 1, '2025-06-17 23:24:18', 'เปลี่ยนสถานะการเผยแพร่'),
(42, 1, 1, '2025-06-17 23:24:19', 'เปลี่ยนสถานะการเผยแพร่'),
(43, 26, 1, '2025-06-17 23:30:38', 'แก้ไขข้อมูล'),
(44, 26, 1, '2025-06-17 23:31:03', 'แก้ไขข้อมูลรายละเอียดโรค'),
(45, 14, 1, '2025-06-17 23:40:18', 'เปลี่ยนสถานะการเผยแพร่'),
(46, 14, 1, '2025-06-17 23:40:19', 'เปลี่ยนสถานะการเผยแพร่'),
(47, 26, 1, '2025-06-19 02:17:37', 'แก้ข้อมูล'),
(48, 26, 1, '2025-06-19 02:17:51', 'แก้ไขข้อมูล'),
(49, 1, 1, '2025-06-20 23:00:26', 'แก้ไขข้อมูลรายละเอียดโรค'),
(50, 1, 1, '2025-06-22 05:05:52', 'แก้ไขรายละเอียดโรค'),
(51, 1, 1, '2025-06-22 05:06:50', 'แก้ไขรายละเอียดโรค'),
(52, 30, 1, '2025-06-22 05:07:17', 'แก้ไขรายละเอียดโรค'),
(53, 30, 1, '2025-06-22 05:09:53', 'แก้ไขรายละเอียดโรค\n');

-- --------------------------------------------------------

--
-- Table structure for table `categories`
--

CREATE TABLE `categories` (
  `CategoryID` int(11) NOT NULL,
  `CategoryName` varchar(100) NOT NULL
) ENGINE=InnoDB DEFAULT CHARSET=utf8mb4 COLLATE=utf8mb4_unicode_ci;

--
-- Dumping data for table `categories`
--

INSERT INTO `categories` (`CategoryID`, `CategoryName`) VALUES
(1, 'โรคทั่วไป'),
(2, 'ศีรษะ'),
(3, 'ลำตัว'),
(4, 'ลำตัวส่วนล่าง'),
(5, 'อุบัติเหตุ');

-- --------------------------------------------------------

--
-- Table structure for table `diseases`
--

CREATE TABLE `diseases` (
  `DiseaseID` int(11) NOT NULL,
  `DiseaseName` varchar(255) NOT NULL,
  `Description` text DEFAULT NULL,
  `CategoryID` int(11) NOT NULL,
  `ICD10_Code` varchar(20) DEFAULT NULL,
  `RiskFactors` text NOT NULL,
  `Prevention` text NOT NULL,
  `Symptoms` text NOT NULL,
  `Diagnosis` text NOT NULL
) ENGINE=InnoDB DEFAULT CHARSET=utf8mb4 COLLATE=utf8mb4_unicode_ci;

--
-- Dumping data for table `diseases`
--

INSERT INTO `diseases` (`DiseaseID`, `DiseaseName`, `Description`, `CategoryID`, `ICD10_Code`, `RiskFactors`, `Prevention`, `Symptoms`, `Diagnosis`) VALUES
(1, 'กลาก (Ringworm)', 'กลาก (Ringworm) คือโรคผิวหนังที่เกิดจากเชื้อรา ลักษณะของกลากมักเป็นวงกลมหรือวงรี มีขอบนูนแดงและลอกเป็นขุย บางครั้งอาจคันมาก', 1, 'B35.9', '<h3><strong>รายละเอียดของโรค</strong></h3><ul><li><p>- เกิดจากเชื้อราในกลุ่ม <strong>Dermatophytes</strong></p></li><li><p>- สามารถเกิดได้ทุกส่วนของร่างกาย เช่น หนังศีรษะ ใบหน้า แขน ขา ลำตัว เท้า (ฮ่องกงฟุต) และขาหนีบ</p></li><li><p>- พบได้ในทุกเพศทุกวัย โดยเฉพาะในสภาพอากาศร้อนชื้น</p></li><li><p></p></li><li><p></p></li></ul>', '<h3><strong>ดูแล และ การป้องกัน</strong></h3><h4>การดูแลรักษา:</h4><ul><li><p>- ใช้ยาทาฆ่าเชื้อรา เช่น <strong>Clotrimazole</strong>, <strong>Ketoconazole</strong>, <strong>Terbinafine</strong></p></li><li><p>- หากรุนแรงหรือเป็นหลายแห่ง อาจต้องใช้ยารับประทาน</p></li><li><p>- รักษาความสะอาดผิวหนัง และหลีกเลี่ยงการเกา</p></li></ul><h4>การป้องกัน:</h4><ul><li><p>- อาบน้ำทุกวันและเช็ดตัวให้แห้ง โดยเฉพาะซอกพับต่าง ๆ</p></li><li><p>- หลีกเลี่ยงการใช้ของส่วนตัวร่วมกับผู้อื่น</p></li><li><p>- หมั่นซักเสื้อผ้า ผ้าเช็ดตัว และเปลี่ยนชุดชั้นในทุกวัน</p></li><li><p>- รักษาสัตว์เลี้ยงให้สะอาด ตรวจสุขภาพเป็นประจำ</p></li><li><p>- หากพบว่ามีอาการคล้ายกลาก ควรรักษาทันทีเพื่อป้องกันการแพร่เชื้อ</p></li></ul>', '<h3><strong>อาการ</strong></h3><ul><li><p>- ผื่นวงกลมหรือวงรี ขอบนูนแดง ลอกเป็นขุย</p></li><li><p>- บริเวณตรงกลางอาจดูเป็นปกติหรือซีดกว่า</p></li><li><p>- คันบริเวณที่เป็นผื่น</p></li><li><p>- ในบางกรณีอาจมีตุ่มน้ำใสหรือตุ่มหนอง</p></li><li><p>- หากเป็นที่ศีรษะอาจทำให้ผมร่วงเป็นหย่อม</p></li></ul>', '<h3><strong>การติดต่อ</strong></h3><ul><li><p>- สัมผัสโดยตรงกับผู้ติดเชื้อหรือสัตว์เลี้ยงที่มีเชื้อรา (เช่น แมวหรือสุนัข)</p></li><li><p>- ใช้ของร่วมกัน เช่น เสื้อผ้า ผ้าเช็ดตัว หวี หรือรองเท้า</p></li><li><p>- สัมผัสกับพื้นผิวหรือวัตถุที่มีเชื้อรา เช่น พื้นห้องน้ำ ยิม หรือฟิตเนส</p></li></ul>'),
(12, 'ฟหก', 'ฟหก', 2, 'ฟหก', '<p>ฟหก</p>', '<p></p>', '<p></p>', '<p></p>'),
(14, 'ความดันโลหิตสูง (Hypertension)', 'ความดันโลหิตสูง คือ ภาวะที่ความดันโลหิตอยู่ในระดับสูงกว่าปกติอย่างต่อเนื่อง ซึ่งอาจเพิ่มความเสี่ยงต่อโรคหัวใจ หลอดเลือดสมอง ไต และโรคเรื้อรังอื่นๆ โดยมากจะไม่มีอาการในระยะแรก', 1, 'I10', '<ul><li><p><strong>รายละเอียดของโรค</strong></p></li><li><p>ความดันโลหิตปกติ: &lt; 120/80 mmHg</p></li><li><p>ความดันโลหิตสูงระดับ 1: 130–139 / 80–89 mmHg</p></li><li><p>ความดันโลหิตสูงระดับ 2: ≥ 140 / ≥ 90 mmHg</p></li><li><p>อาจเกิดจาก:</p><ul><li><p>- กรรมพันธุ์</p></li><li><p>- ความเครียด</p></li><li><p>- อาหารเค็ม</p></li><li><p>- การไม่ออกกำลังกาย</p></li><li><p>- โรคประจำตัว เช่น โรคไต หลอดเลือดแข็ง</p></li><li><p>- การใช้ยา เช่น ยาคุมกำเนิด สเตียรอยด์</p></li></ul></li></ul>', '<h2><strong>การดูแลและการป้องกัน</strong></h2><ul><li><p>- ควบคุมอาหาร โดยเฉพาะโซเดียม</p></li><li><p>- ลดน้ำหนัก</p></li><li><p>- ออกกำลังกายสม่ำเสมอ</p></li><li><p>- งดสูบบุหรี่ และแอลกอฮอล์</p></li><li><p>- ลดความเครียด</p></li><li><p>- ตรวจวัดความดันโลหิตอย่างสม่ำเสมอ</p></li><li><p>- รับประทานยาตามแพทย์สั่งอย่างต่อเนื่อง</p></li></ul>', '<h2><strong>อาการ</strong></h2><ul><li><p>ส่วนใหญ่ไม่แสดงอาการ</p></li><li><p>หากรุนแรงอาจมี:</p><ul><li><p>- ปวดศีรษะ</p></li><li><p>- เวียนศีรษะ</p></li><li><p>- เลือดกำเดาไหล</p></li><li><p>- เหนื่อยง่าย</p></li><li><p>- ใจสั่น</p></li><li><p>- มองเห็นไม่ชัด</p></li></ul></li></ul>', '<h2><strong>การติดต่อ</strong></h2><p><strong>ไม่ใช่โรคติดต่อ</strong><br>แต่ <strong>มีปัจจัยทางพันธุกรรม</strong> และพฤติกรรมการดำเนินชีวิตที่อาจถ่ายทอดในครอบครัว</p>'),
(15, 'งูสวัด (Shingles)', 'งูสวัดเกิดจากเชื้อไวรัส varicella-zoster virus (VZV) ที่เคยทำให้เราเป็นอีสุกอีใสมาก่อน เชื้อไวรัสแฝงในระบบประสาท และอาจกลับมาปะทุเป็นงูสวัดเมื่อภูมิต้านทานลดลง', 1, 'B02.9', '<p><strong>รายละเอียดของโรค</strong></p><p>ลักษณะคือผื่นเป็นกลุ่มตุ่มน้ำบนผิวตามแนวเส้นประสาทหนึ่งด้านของร่างกาย บางครั้งอาจเป็นเฉพาะที่หน้า (ophthalmic zoster)</p>', '<ul><li><p><strong>วิธีดูแล และ การป้องกัน</strong></p></li><li><p>- รักษาความสะอาด เช็ดน้ำให้แห้ง และห้ามขยี้ตุ่มน้ำ</p></li><li><p>- ใช้ยาแก้ปวด เช่น NSAIDs, ยาแก้ปวดทั่วไป หรือ opioids หลีกเลี่ยงการใช้ติดต่อกันนาน</p></li><li><p>- ประคบทุยเย็น ใส่ครีมทาผิว เช่น calamine หรือยาทาภายนอกเพื่อลดอาการคัน</p></li><li><p><strong>- วัคซีน Shingrix</strong> แนะนำสำหรับผู้สูงอายุ ≥50 ปี และผู้มีภูมิคุ้มกันต่ำ ให้ 2 โดสห่างกัน 2–6 เดือน ลดความเสี่ยงงูสวัดและอาการปวดหลังโรคถึง 90%</p></li></ul>', '<ul><li><p><strong>อาการ</strong></p></li><li><p>- มีอาการเจ็บแสบ เหมือนเข็มทิ่ม (prodromal pain) ก่อนผื่นขึ้น</p></li><li><p>- ปรากฏผื่นตุ่มน้ำ ปวด แสบ คัน ตรงแนวเส้นประสาท ฝ่อหรือแตกเป็นสะเก็ดภายใน 7–10 วัน</p></li><li><p>- เมื่อเกี่ยวข้องกับตาอาจมีการติดเชื้อดวงตา เสี่ยงต่อการเสื่อมสายตา ต้องได้รับการดูแลโดยจักษุแพทย์ทันที</p></li></ul>', '<ul><li><p><strong>การติดต่อ</strong></p></li><li><p>- ไม่ติดต่อโดยตรงจากผู้มีงูสวัด อย่างไรก็ตาม ผู้ที่ไม่เคยติดเชื้อหรือได้รับวัคซีนอีสุกอีใสมาก่อน อาจติดจากตุ่มน้ำ มีโอกาสติดเป็นอีสุกอีใส ไม่ใช่งูสวัด</p></li><li><p>- หลีกเลี่ยงการสัมผัสกับตุ่มน้ำโดยตรง และควรกักคนไข้ที่ผื่นขึ้นจนแห้ง</p></li></ul>'),
(16, 'ผื่นคันตามตัว (Rash and Itching)', 'ผื่นคันเป็นอาการทางผิวหนังที่เกิดจากการระคายเคือง การอักเสบ หรือปฏิกิริยาแพ้ มีหลายสาเหตุ เช่น แพ้อาหาร แพ้ยา การติดเชื้อ เชื้อรา หรือแมลงกัดต่อย', 1, 'R21', '<p><strong>รายละเอียดของโรค</strong></p><p>ผื่นคันสามารถเกิดได้ทั่วร่างกายหรือเฉพาะบางจุด ขึ้นอยู่กับสาเหตุ อาจเป็นผื่นแดง ผื่นตุ่มน้ำ ตุ่มนูน มีหรือไม่มีน้ำเหลือง มักมาพร้อมกับอาการคัน บางกรณีอาจเกิดจากโรคเรื้อรัง เช่น ผื่นภูมิแพ้ผิวหนัง (Eczema) หรือโรคสะเก็ดเงิน (Psoriasis)</p>', '<ul><li><p><strong>วิธีดูแล และ การป้องกัน</strong></p></li><li><p>- หลีกเลี่ยงสิ่งที่กระตุ้น เช่น อาหารที่แพ้ ฝุ่นละออง สารเคมี</p></li><li><p>- รักษาความสะอาดผิวหนัง</p></li><li><p>- ใช้ผลิตภัณฑ์อ่อนโยนต่อผิว</p></li><li><p>- หลีกเลี่ยงการเกา</p></li><li><p>- หากเป็นซ้ำบ่อย ควรพบแพทย์เพื่อหาสาเหตุ</p></li></ul>', '<ul><li><p><strong>อาการ</strong></p></li><li><p>- คันบริเวณผิวหนัง</p></li><li><p>- ผื่นแดง บวม ตุ่มน้ำ หรือแผล</p></li><li><p>- ลอกผิว แห้ง ตึง</p></li><li><p>- แสบหรือปวดในบางกรณี</p></li><li><p>- อาจมีไข้ร่วมด้วยหากติดเชื้อ</p></li></ul>', '<ul><li><p><strong>การติดต่อ</strong></p></li><li><p>- ส่วนใหญ่ <strong>ไม่ติดต่อ</strong> หากเกิดจากภูมิแพ้</p></li><li><p>- แต่ถ้าเกิดจาก <strong>การติดเชื้อ</strong> (เช่น เชื้อรา, หิด) อาจติดต่อได้ทางการสัมผัส</p></li></ul>'),
(17, 'ฝี (Abscess)', 'ฝี คือ การอักเสบของเนื้อเยื่อที่เกิดจากการติดเชื้อแบคทีเรีย โดยมีการสะสมของหนองอยู่ภายในร่างกาย เช่น ใต้ผิวหนัง ต่อมน้ำเหลือง หรืออวัยวะภายใน', 1, 'L02.9', '<p><strong>รายละเอียดของโรค</strong></p><p>ฝีมักเกิดจากการติดเชื้อแบคทีเรีย เช่น <em>Staphylococcus aureus</em> ซึ่งเข้าไปในร่างกายผ่านรอยถลอก แผล หรือรูขุมขนที่อุดตัน ร่างกายจะตอบสนองด้วยการสะสมเม็ดเลือดขาวบริเวณติดเชื้อ ทำให้เกิดโพรงหนอง</p>', '<ul><li><p><strong>วิธีดูแล และ การป้องกัน</strong></p></li><li><p>- รักษาความสะอาดร่างกายและผิวหนัง</p></li><li><p>- อย่าแกะหรือบีบฝีเอง</p></li><li><p>- หลีกเลี่ยงการใช้ของร่วมกับผู้อื่น</p></li><li><p>- หากมีฝีบ่อย ควรตรวจระบบภูมิคุ้มกันหรือระดับน้ำตาลในเลือด</p></li></ul>', '<ul><li><p><strong>อาการ</strong></p></li><li><p>- ปวด บวม แดง ร้อน บริเวณที่เป็นฝี</p></li><li><p>- อาจมีหัวฝีเป็นจุดสีขาว/เหลือง</p></li><li><p>- ในรายที่เป็นมากอาจมีไข้</p></li><li><p>- หากฝีอยู่ลึก อาจมีอาการที่ตำแหน่งอื่น เช่น ปวดท้อง เจ็บหน้าอก</p></li></ul>', '<ul><li><p><strong>การติดต่อ</strong></p></li><li><p><strong>- ติดต่อได้</strong> ผ่านการสัมผัสโดยตรงกับหนองจากฝี</p></li><li><p>- การใช้ของใช้ร่วมกัน เช่น ผ้า เช็ดตัว หรือมีดโกน อาจแพร่เชื้อได้</p></li><li><p>- โดยเฉพาะหากผู้สัมผัสมีแผลหรือภูมิคุ้มกันต่ำ</p></li></ul>'),
(18, 'ลมพิษ (Hives/Urticaria)', 'ลมพิษคือภาวะทางผิวหนังที่ทำให้เกิดผื่นนูนแดง คัน มีขนาดและรูปร่างไม่แน่นอน มักเกิดขึ้นทันทีและหายไปภายในไม่กี่ชั่วโมง แต่บางครั้งอาจเกิดขึ้นเรื้อรัง', 1, 'L50.9', '<p><strong>รายละเอียดของโรค</strong></p><p>เกิดจากการตอบสนองของระบบภูมิคุ้มกันที่ไวเกินต่อสิ่งกระตุ้น เช่น อาหาร ยา แมลง สารเคมี หรือปัจจัยทางอารมณ์ ร่างกายจะหลั่งสารฮีสตามีน (histamine) ซึ่งทำให้หลอดเลือดขยายและเกิดอาการบวมแดงคันบนผิวหนัง</p>', '<ul><li><p><strong>วิธีดูแล และ การป้องกัน</strong></p></li><li><p>- หลีกเลี่ยงสิ่งกระตุ้นที่สงสัย (อาหาร ยา สัตว์ แมลง)</p></li><li><p>- งดเกาแรง ๆ เพราะอาจทำให้ติดเชื้อ</p></li><li><p>- อาบน้ำอุณหภูมิปกติ (ไม่ร้อนจัด)</p></li><li><p>- หลีกเลี่ยงความเครียด และพักผ่อนให้เพียงพอ</p></li><li><p>- ใช้ยาต้านฮีสตามีนเมื่อจำเป็น</p></li></ul>', '<ul><li><p><strong>อาการ</strong></p></li><li><p>- ผื่นแดงนูน คัน</p></li><li><p>- รูปทรงไม่แน่นอน และเปลี่ยนที่ได้</p></li><li><p>- อาจมีอาการบวมที่ริมฝีปาก เปลือกตา หรือหน้า</p></li><li><p>- หากเป็นรุนแรง อาจมีอาการหายใจติดขัด (angioedema)</p></li></ul>', '<ul><li><p><strong>การติดต่อ</strong></p></li><li><p><strong>ไม่ติดต่อ</strong><br>- ลมพิษไม่สามารถติดต่อจากคนสู่คนได้ เพราะเป็นการตอบสนองของภูมิคุ้มกันภายในร่างกาย</p></li></ul>'),
(19, 'อีสุกอีใส (Chickenpox)', 'อีสุกอีใสเป็นโรคติดเชื้อไวรัสที่พบได้บ่อยในเด็ก แต่สามารถเกิดขึ้นในผู้ใหญ่ได้เช่นกัน มีลักษณะเด่นคือผื่นตุ่มน้ำใสที่คัน และสามารถติดต่อกันได้ง่าย', 1, 'B01.9', '<p><strong>รายละเอียดของโรค</strong></p><p>เกิดจากเชื้อไวรัส <strong>Varicella-zoster virus (VZV)</strong> ซึ่งเป็นไวรัสชนิดเดียวกับที่ทำให้เกิดโรคงูสวัดในผู้ใหญ่ โดยเชื้อนี้จะเข้าสู่ร่างกายผ่านทางระบบหายใจ และกระจายไปทั่วร่างกายผ่านทางกระแสเลือด</p>', '<ul><li><p><strong>วิธีดูแล และ การป้องกัน</strong></p></li><li><p>- แยกผู้ป่วยออกจากผู้อื่น โดยเฉพาะผู้ที่ยังไม่เคยเป็น</p></li><li><p>- ห้ามแกะตุ่มน้ำ เพื่อป้องกันแผลเป็น</p></li><li><p>- รักษาความสะอาดร่างกาย</p></li><li><p>- รับวัคซีนป้องกันอีสุกอีใส</p></li><li><p>- ใช้ยาลดไข้หรือยาทาเพื่อลดอาการคันตามคำแนะนำแพทย์</p></li></ul>', '<ul><li><p><strong>อาการ</strong></p></li><li><p>- มีไข้ หนาวสั่น</p></li><li><p>- ปวดศีรษะ อ่อนเพลีย</p></li><li><p>- ผื่นแดง ตุ่มน้ำใส คัน</p></li><li><p>- ตุ่มอาจลามทั่วร่างกาย รวมถึงในปากและหนังศีรษะ</p></li><li><p>- หลังจากตุ่มแตก จะตกสะเก็ด</p></li></ul>', '<ul><li><p><strong>การติดต่อ</strong></p></li><li><p>- ติดต่อผ่านทางการหายใจ (ไอ จาม)</p></li><li><p>- สัมผัสตุ่มน้ำหรือของใช้ที่ปนเปื้อนเชื้อ</p></li><li><p>- มีระยะฟักตัวประมาณ 10–21 วัน</p></li></ul>'),
(20, 'ไข้หวัดใหญ่ (Influenza/Flu)', 'ไข้หวัดใหญ่เป็นโรคติดเชื้อไวรัสที่แพร่กระจายได้ง่าย มักระบาดตามฤดูกาล โดยเฉพาะในช่วงอากาศเย็นหรือฤดูฝน และสามารถก่อให้เกิดภาวะแทรกซ้อนรุนแรง โดยเฉพาะในเด็กเล็ก ผู้สูงอายุ และผู้มีโรคประจำตัว', 1, 'J10.1', '<p><strong>รายละเอียดของโรค</strong></p><p>เกิดจากเชื้อไวรัสอินฟลูเอนซา (Influenza virus) ซึ่งมีหลายสายพันธุ์ เช่น Influenza A, B และ C โดยสายพันธุ์ A และ B มักเป็นสาเหตุหลักของการระบาดใหญ่</p>', '<ul><li><p><strong>วิธีดูแล และ การป้องกัน</strong></p></li><li><p>- ฉีดวัคซีนไข้หวัดใหญ่ปีละ 1 ครั้ง</p></li><li><p>- ล้างมือบ่อย ๆ</p></li><li><p>- หลีกเลี่ยงใกล้ชิดผู้ป่วย</p></li><li><p>- สวมหน้ากากอนามัย</p></li><li><p>- พักผ่อนให้เพียงพอ และดื่มน้ำมาก ๆ</p></li></ul>', '<ul><li><p><strong>อาการ</strong></p></li><li><p>- ไข้สูงเฉียบพลัน</p></li><li><p>- ปวดศีรษะ ปวดกล้ามเนื้อ</p></li><li><p>- เจ็บคอ คัดจมูก น้ำมูกไหล</p></li><li><p>- ไอแห้งๆ</p></li><li><p>- อ่อนเพลีย เหนื่อยง่าย</p></li><li><p>- เด็กอาจมีอาเจียนหรือท้องเสียร่วมด้วย</p></li></ul>', '<ul><li><p><strong>การติดต่อ</strong></p></li><li><p>- ผ่านทางละอองฝอยจากการไอ จาม</p></li><li><p>- การสัมผัสสิ่งของที่มีเชื้อแล้วนำมือมาสัมผัสปาก/จมูก/ตา</p></li><li><p>- ระยะฟักตัว 1–4 วัน (เฉลี่ย 2 วัน)</p></li></ul>'),
(21, 'แผลพุพองอักเสบ (Blisters and Inflamed Wounds)', 'แผลผุพองอักเสบคือการเกิดแผลบนผิวหนังที่มีการสะสมของของเหลวภายในผิวหนังชั้นบน และมักจะเกิดการอักเสบร่วมด้วย ทำให้ผิวบริเวณนั้นบวม แดง และเจ็บปวด อาจเกิดจากการติดเชื้อ แผลถลอก หรือการระคายเคือง\n\n', 1, 'T14.0', '<ul><li><p><strong>รายละเอียดของโรค</strong></p></li><li><p>แผลผุพองเกิดได้จากหลายสาเหตุ เช่น การสัมผัสความร้อน ความเย็น สารเคมี หรือการเสียดสี</p></li><li><p>หากแผลมีการติดเชื้อแบคทีเรียจะเกิดอาการอักเสบรุนแรงขึ้น เช่น บวม แดง มีหนอง หรือกลิ่นเหม็น</p></li><li><p>อาจเกิดภาวะแทรกซ้อนถ้าไม่ได้รับการรักษาที่เหมาะสม</p></li></ul>', '<ul><li><p><strong>วิธีดูแล และ การป้องกัน</strong></p></li><li><p>- รักษาความสะอาดของแผลอย่างสม่ำเสมอ</p></li><li><p>- หลีกเลี่ยงการเกาหรือแกะบริเวณแผล</p></li><li><p>- ใช้ผ้าพันแผลที่สะอาดและเปลี่ยนบ่อย ๆ</p></li><li><p>- หากแผลเริ่มบวมแดงหรือมีหนอง ควรพบแพทย์ทันที</p></li><li><p>- สวมถุงมือหรือป้องกันเมื่อสัมผัสสารเคมีหรือสิ่งที่อาจทำให้ผิวหนังเสียหาย</p></li></ul>', '<ul><li><p><strong>อาการ</strong></p></li><li><p>- ผิวหนังบวมแดง</p></li><li><p>- มีตุ่มน้ำหรือพองใส หรือพองขุ่น</p></li><li><p>- เจ็บปวดหรือแสบร้อนบริเวณแผล</p></li><li><p>- อาจมีหนองหรือน้ำเหลืองไหลออกมา</p></li><li><p>- บางครั้งมีไข้ร่วมด้วยในกรณีติดเชื้อรุนแรง</p></li></ul>', '<ul><li><p><strong>การติดต่อ</strong></p></li><li><p>- แผลผุพองเองไม่ใช่โรคติดต่อ</p></li><li><p>- แต่ถ้ามีการติดเชื้อแบคทีเรียหรือเชื้อไวรัสที่แผล อาจแพร่เชื้อผ่านการสัมผัสแผลหรือของเหลวในแผลได้</p></li></ul>'),
(22, 'โรคไข้เลือดออก (Dengue Fever)', 'โรคติดเชื้อไวรัสที่เกิดจากยุงลายที่มีเชื้อไวรัสเดงกี่ ทำให้เกิดไข้สูง ปวดตามตัว มีผื่น และในบางรายอาจเกิดภาวะเลือดออกและช็อกได้', 1, 'A90', '<ul><li><p><strong>รายละเอียดของโรค</strong></p></li><li><p>- เกิดจากไวรัสเดงกี่ชนิดต่างๆ</p></li><li><p>- พบมากในพื้นที่เขตร้อนและเขตอบอุ่น</p></li><li><p>- มีระยะฟักตัวประมาณ 4-10 วันหลังถูกยุงลายกัด</p></li></ul>', '<ul><li><p><strong>วิธีดูแล และ การป้องกัน</strong></p></li><li><p>- กำจัดแหล่งเพาะพันธุ์ยุง</p></li><li><p>- ใช้มุ้งและยาทากันยุง</p></li><li><p>- รักษาความสะอาดบ้านและรอบบริเวณ</p></li><li><p>- หากมีอาการไข้สูงหรือเลือดออก ควรพบแพทย์ทันที</p></li></ul>', '<ul><li><p><strong>อาการ</strong></p></li><li><p>- ไข้สูงฉับพลัน 2-7 วัน</p></li><li><p>- ปวดศีรษะ ปวดกล้ามเนื้อ ข้อต่อ</p></li><li><p>- มีผื่นขึ้นตามตัว</p></li><li><p>- เลือดออกง่าย เช่น เลือกจมูกเลือดออก หรือมีจุดเลือดออกใต้ผิวหนัง</p></li><li><p>- ในรายรุนแรงอาจเกิดช็อกจากภาวะเลือดออก (Dengue hemorrhagic fever)</p></li></ul>', '<ul><li><p><strong>การติดต่อ</strong></p></li><li><p>- ผ่านยุงลายที่มีเชื้อไวรัสเดงกี่กัด ไม่ติดต่อจากคนสู่คนโดยตรง</p></li></ul>'),
(23, 'กุ้งยิง (Stye)', 'กุ้งยิงคือการติดเชื้อที่ต่อมไขมันบริเวณขอบตาหรือรูขุมขนของขนตา ทำให้เกิดการอักเสบและบวมเป็นตุ่มแดงคล้ายหนอง', 2, 'H00.0', '<ul><li><p><strong>รายละเอียดของโรค</strong></p></li><li><p>- เกิดจากเชื้อแบคทีเรียชนิด Staphylococcus aureus</p></li><li><p>- มักเกิดบริเวณขอบตาหรือใต้หนังตา</p></li><li><p>- เกิดการอุดตันและติดเชื้อในต่อมไขมันหรือต่อมเหงื่อบริเวณนั้น</p></li></ul>', '<ul><li><p><strong>วิธีดูแล และ การป้องกัน</strong></p></li><li><p>- รักษาความสะอาดมือและใบหน้า</p></li><li><p>- หลีกเลี่ยงการขยี้ตา</p></li><li><p>- ใช้ผ้าชุบน้ำอุ่นประคบบริเวณที่กุ้งยิง</p></li><li><p>- เปลี่ยนผ้าหรือผ้าเช็ดหน้าเป็นประจำ</p></li><li><p>- หากเป็นบ่อยควรไปพบแพทย์</p></li></ul>', '<p><strong>อาการ</strong></p><ul><li><p>- ตุ่มแดงปวด บวมที่ขอบตาหรือใต้ตา</p></li><li><p>- ตาแฉะ น้ำตาไหล</p></li><li><p>- มีหนองหรือหัวหนองที่ตุ่ม</p></li><li><p>- บางครั้งรู้สึกคันหรือระคายเคือง</p></li></ul>', '<ul><li><p><strong>การติดต่อ</strong></p></li><li><p>- ไม่ติดต่อโดยตรงจากคนสู่คน</p></li><li><p>- แต่อาจติดเชื้อจากการสัมผัสมือสกปรกหรือใช้สิ่งของร่วมกับผู้ติดเชื้อ</p></li></ul>'),
(24, 'เริม (Herpes Simplex)', 'โรคเริมเกิดจากเชื้อไวรัส Herpes Simplex Virus (HSV) โดยมี 2 ชนิดหลัก คือ HSV-1 มักทำให้เกิดแผลเริมที่ปาก และ HSV-2 มักทำให้เกิดแผลบริเวณอวัยวะเพศ', 2, 'B00.9', '<ul><li><p><strong>รายละเอียดของโรค</strong></p></li><li><p>เชื้อไวรัสจะฝังตัวในระบบประสาทและสามารถกลับมาเกิดซ้ำได้</p></li><li><p>ติดต่อโดยการสัมผัสโดยตรงกับแผลเริมหรือสารคัดหลั่ง</p></li><li><p>เริมอาจเกิดขึ้นในรูปแบบของแผลพุพองและมีอาการเจ็บปวดบริเวณที่ติดเชื้อ</p></li></ul>', '<ul><li><p><strong>วิธีดูแล และ การป้องกัน</strong></p></li><li><p>- หลีกเลี่ยงการสัมผัสแผลเริมของผู้อื่น</p></li><li><p>- ไม่ใช้ของส่วนตัวร่วมกัน เช่น แก้วน้ำ ผ้าเช็ดหน้า</p></li><li><p>- รักษาความสะอาดบริเวณแผล</p></li><li><p>- ใช้ยาตามคำแนะนำแพทย์เพื่อควบคุมอาการ</p></li><li><p>- หากมีอาการรุนแรงหรือซ้ำบ่อย ควรปรึกษาแพทย์</p></li></ul>', '<ul><li><p><strong>อาการ</strong></p></li><li><p>- แผลพุพองเล็ก ๆ บริเวณริมฝีปากหรืออวัยวะเพศ</p></li><li><p>- รู้สึกเจ็บปวดหรือแสบบริเวณแผล</p></li><li><p>- บางครั้งอาจมีไข้ ปวดเมื่อยกล้ามเนื้อ หรืออาการคล้ายไข้หวัดใหญ่</p></li><li><p>- บางรายอาจมีอาการคันหรือรู้สึกแสบร้อนก่อนเกิดแผล</p></li></ul>', '<ul><li><p><strong>การติดต่อ</strong></p></li><li><p>- ติดต่อผ่านการสัมผัสโดยตรงกับแผลเริม หรือสารคัดหลั่ง เช่น น้ำลาย น้ำคัดหลั่งทางเพศ</p></li><li><p>- สามารถติดต่อได้แม้ไม่มีแผลชัดเจนในบางช่วงเวลา (ช่วงไวรัสแพร่กระจาย)</p></li></ul>'),
(25, 'คัดจมูกแพ้อากาศ (Nasal Congestion due to Allergies/Allergic Rhinitis)', 'เป็นอาการคัดจมูกที่เกิดจากการแพ้สารก่อภูมิแพ้ในอากาศ เช่น ฝุ่น ละอองเกสรดอกไม้ ขนสัตว์ หรือเชื้อรา ซึ่งทำให้เยื่อบุจมูกอักเสบและบวม', 2, 'J30.9', '<ul><li><p><strong>รายละเอียดของโรค</strong></p></li><li><p>เกิดจากระบบภูมิคุ้มกันตอบสนองเกินไปต่อสารก่อภูมิแพ้</p></li><li><p>อาการมักเป็นๆ หายๆ ตามฤดูกาลหรือความเข้มข้นของสารก่อภูมิแพ้</p></li><li><p>เป็นโรคภูมิแพ้ที่พบบ่อยและส่งผลต่อคุณภาพชีวิต</p></li></ul>', '<ul><li><p><strong>วิธีดูแล และ การป้องกัน</strong></p></li><li><p>- หลีกเลี่ยงสารก่อภูมิแพ้ เช่น ฝุ่น ละอองเกสร ขนสัตว์</p></li><li><p>- รักษาความสะอาดบ้าน และใช้เครื่องฟอกอากาศ</p></li><li><p>- ล้างจมูกด้วยน้ำเกลือเพื่อลดสารก่อภูมิแพ้ในโพรงจมูก</p></li><li><p>- ใช้ยาแก้แพ้ตามคำแนะนำแพทย์</p></li></ul>', '<ul><li><p><strong>อาการ</strong></p></li><li><p>- คัดจมูก น้ำมูกใสไหล</p></li><li><p>- จามบ่อย</p></li><li><p>- คันจมูก คันตา</p></li><li><p>- ตาแดง น้ำตาไหล</p></li><li><p>- บางรายอาจมีเสียงหายใจดังในจมูก</p></li></ul>', '<ul><li><p><strong>การติดต่อ</strong></p></li><li><p>- ไม่ติดต่อจากคนสู่คน เป็นโรคภูมิแพ้ที่เกิดจากปฏิกิริยาภูมิคุ้มกันส่วนบุคคล</p></li></ul>'),
(26, 'คางทูม (Mumps)', 'คางทูมเป็นโรคติดเชื้อไวรัสที่ทำให้ต่อมน้ำลายบวม โดยเฉพาะต่อมน้ำลายใต้หู (Parotid gland) ทำให้เกิดอาการบวมเจ็บบริเวณใบหน้า', 2, 'B26.9', '<p><strong>คางทูม (Mumps)</strong>&nbsp;เป็นโรคติดต่อทางระบบทางเดินหายใจ ที่ติดเชื้อไวรัสจากคนสู่คน โดยสัมผัสละอองน้ำลายของผู้ที่ติดเชื้อได้จากการไอหรือจาม ไวรัสจะเคลื่อนจากระบบทางเดินหายใจไปยังต่อมน้ำลายบริเวณข้างหู เมื่อต่อมนี้เกิดการอักเสบจะทำให้เกิดอาการเจ็บปวดและบวมแดง นอกจากนี้ ถ้าไวรัสแพร่กระจายเข้าสู่น้ำหล่อเลี้ยงสมองและไขสันหลังแล้ว ก็อาจจะแพร่ไปที่อื่นในร่างกายส่งผลให้เกิดภาวะแทรกซ้อนได้ เช่น ภาวะแทรกซ้อนในระบบสืบพันธุ์</p>', '<ul><li><p>- แยกผู้ป่วยออกจากผู้อื่นจนกว่าจะหาย</p></li><li><p>- หมั่นล้างมือและทำความสะอาดสิ่งของที่สัมผัส</p></li><li><p>- รับวัคซีน MMR (Measles, Mumps, Rubella) เพื่อป้องกัน</p></li><li><p>- พักผ่อนให้เพียงพอและดื่มน้ำมาก ๆ</p></li></ul>', '<ul><li><p>- ต่อมน้ำลายบวม เจ็บ และแดงบริเวณข้างแก้มใต้หู</p></li><li><p>- ปวดเมื่อกลืนอาหารหรือเปิดปากกว้าง</p></li><li><p>- มีไข้ ปวดหัว อ่อนเพลีย</p></li><li><p>- บางรายอาจมีอาการปวดกล้ามเนื้อ หรืออักเสบของอวัยวะอื่น เช่น อัณฑะ</p></li></ul>', '<ul><li><p>- ติดต่อจากการสัมผัสสารคัดหลั่งของผู้ป่วย เช่น น้ำลาย น้ำมูก หรือจามไอ</p></li><li><p>- ติดต่อได้ง่ายในที่ชุมนุม เช่น โรงเรียน</p></li></ul>'),
(27, 'ต่อมทอนซิลอักเสบ (Tonsillitis)', 'ต่อมทอนซิลอักเสบคือ ภาวะที่ต่อมทอนซิล (ต่อมน้ำเหลืองที่อยู่สองข้างของคอ) เกิดการอักเสบจากการติดเชื้อไวรัสหรือแบคทีเรีย ทำให้เจ็บคอ กลืนลำบาก และอาจมีไข้ร่วมด้วย', 2, 'J03.9', '<ul><li><p><strong>รายละเอียดของโรค</strong></p></li><li><p>สาเหตุจากเชื้อไวรัส เช่น Adenovirus, Influenza virus หรือแบคทีเรีย โดยเฉพาะ <em>Streptococcus pyogenes</em></p></li><li><p>พบมากในเด็กและวัยรุ่น</p></li><li><p>แบ่งเป็นชนิดเฉียบพลันและเรื้อรัง</p></li></ul>', '<ul><li><p><strong>วิธีดูแล และ การป้องกัน</strong></p></li><li><p>- หลีกเลี่ยงใกล้ชิดผู้ติดเชื้อ</p></li><li><p>- ล้างมือบ่อย ๆ</p></li><li><p>- หลีกเลี่ยงการใช้ของใช้ส่วนตัวร่วมกับผู้อื่น</p></li><li><p>- พักผ่อนให้เพียงพอ ดื่มน้ำมาก ๆ</p></li><li><p>- ใช้น้ำเกลือกลั้วคอเพื่อบรรเทาอาการเจ็บคอ</p></li></ul>', '<ul><li><p><strong>อาการ</strong></p></li><li><p>- เจ็บคอมาก โดยเฉพาะเวลากลืน</p></li><li><p>- ต่อมทอนซิลบวม แดง อาจมีหนอง</p></li><li><p>- มีไข้ หนาวสั่น</p></li><li><p>- กลิ่นปาก เสียงเปลี่ยน</p></li><li><p>- ต่อมน้ำเหลืองที่คอบวม เจ็บ</p></li><li><p>- บางรายมีอาการปวดหูหรือปวดศีรษะ</p></li></ul>', '<ul><li><p><strong>การติดต่อ</strong></p></li><li><p>- ติดต่อผ่านละอองจากการไอ จาม หรือสัมผัสสารคัดหลั่งของผู้ป่วย</p></li><li><p>- การใช้ภาชนะร่วมกัน เช่น ช้อน แก้วน้ำ</p></li></ul>'),
(28, 'ไซนัสอักเสบ (Sinusitis)', 'ไซนัสอักเสบคือ ภาวะที่เยื่อบุโพรงไซนัสเกิดการอักเสบหรือบวม มักเกิดจากการติดเชื้อไวรัส แบคทีเรีย หรือแพ้อากาศ ทำให้มีอาการคัดจมูก ปวดใบหน้า น้ำมูกไหล และอาจมีไข้ร่วมด้วย', 2, 'J01.90', '<ul><li><p>โพรงไซนัส คือ ช่องอากาศรอบจมูกและตา มีหน้าที่ปรับอุณหภูมิอากาศ และช่วยกระจายเสียง</p></li><li><p>หากมีสิ่งแปลกปลอม เช่น เชื้อโรค ฝุ่น หรือสารก่อภูมิแพ้ ทำให้เยื่อบุโพรงอักเสบ เกิดการบวม ปิดกั้นทางระบาย</p></li><li><p>แบ่งเป็น 2 แบบ:</p><ul><li><p><strong>เฉียบพลัน</strong> (Acute): อาการไม่เกิน 4 สัปดาห์</p></li><li><p><strong>เรื้อรัง</strong> (Chronic): อาการนานกว่า 12 สัปดาห์</p></li></ul></li></ul>', '<ul><li><p>- หลีกเลี่ยงสารก่อภูมิแพ้ ฝุ่น ควัน</p></li><li><p>- รักษาสุขอนามัย ล้างมือบ่อย</p></li><li><p>- ดื่มน้ำมาก ๆ เพื่อช่วยให้น้ำมูกไม่ข้น</p></li><li><p>- หากมีอาการแพ้ควรรักษาและควบคุมให้ดี</p></li><li><p>- หลีกเลี่ยงการว่ายน้ำในน้ำที่ไม่สะอาด</p></li></ul>', '<ul><li><p>- ปวดหรือแน่นบริเวณใบหน้า หน้าผาก โหนกแก้ม</p></li><li><p>- คัดจมูก น้ำมูกข้น หรือเป็นหนอง</p></li><li><p>- การรับกลิ่นลดลง</p></li><li><p>- ปวดศีรษะ</p></li><li><p>- มีไข้ อ่อนเพลีย</p></li><li><p>- เสียงเปลี่ยน (เสียงอู้อี้)</p></li></ul>', '<ul><li><p>- โดยปกติไม่ติดต่อโดยตรง</p></li><li><p>- หากเกิดจากเชื้อไวรัสหรือแบคทีเรีย อาจแพร่จากการไอ จาม</p></li></ul>'),
(29, 'เหงือกอักเสบ (Gingivitis)', 'เหงือกอักเสบคือ ภาวะที่เหงือกมีการอักเสบ บวม แดง และมีเลือดออกง่าย มักเกิดจากคราบจุลินทรีย์สะสมที่ขอบเหงือก หากไม่รักษาอาจลุกลามเป็นโรคปริทันต์ (Periodontitis)', 2, 'K05.1', '<ul><li><p>เหงือกอักเสบมักเริ่มจาก <strong>คราบพลัค (Plaque)</strong> ซึ่งเป็นฟิล์มแบคทีเรียที่เกาะตามฟัน</p></li><li><p>หากไม่ขจัดออก จะกลายเป็นหินปูนและกระตุ้นให้เหงือกอักเสบ</p></li><li><p>หากปล่อยไว้อาจกระทบต่อเนื้อเยื่อและกระดูกที่ยึดฟัน</p></li></ul>', '<ul><li><p>- แปรงฟันอย่างถูกวิธี วันละ 2 ครั้ง</p></li><li><p>- ใช้ไหมขัดฟันทุกวัน</p></li><li><p>- พบทันตแพทย์เพื่อตรวจและขูดหินปูนทุก 6 เดือน</p></li><li><p>- หลีกเลี่ยงการสูบบุหรี่</p></li><li><p>- รักษาสุขภาพโดยรวมให้ดี เช่น ควบคุมระดับน้ำตาลในผู้ป่วยเบาหวาน</p></li></ul>', '<ul><li><p>- เหงือกบวม แดง</p></li><li><p>- มีเลือดออกขณะแปรงฟันหรือใช้ไหมขัดฟัน</p></li><li><p>- มีกลิ่นปาก</p></li><li><p>- เหงือกร่น</p></li><li><p>- อาจรู้สึกเจ็บหรือระคายเคืองในเหงือก</p></li></ul>', '<ul><li><p><strong>- ไม่ใช่โรคติดต่อโดยตรง</strong></p></li><li><p>- แต่อาจเกิดร่วมกับการมีสุขอนามัยในช่องปากไม่ดี ซึ่งสามารถพบได้หลายคนในครอบครัวเดียวกัน</p></li></ul>'),
(30, 'คอพอก (Goiter)', 'คอพอก คือ ภาวะที่ต่อมไทรอยด์มีขนาดใหญ่กว่าปกติ ทำให้เห็นเป็นก้อนหรือบวมที่บริเวณคอด้านหน้า อาจเกิดจากหลายสาเหตุ เช่น การขาดไอโอดีน หรือภาวะไทรอยด์ทำงานผิดปกติ', 2, 'E04.9', '<ul><li><p>ต่อมไทรอยด์เป็นต่อมรูปผีเสื้อบริเวณลำคอส่วนหน้า</p></li><li><p>คอพอกอาจเกิดได้ทั้งจากภาวะ <strong>ไทรอยด์ทำงานปกติ, ทำงานเกิน (ไทรอยด์เป็นพิษ)</strong> หรือ <strong>ทำงานต่ำ (ไทรอยด์ต่ำ)</strong></p></li><li><p>พบได้ในทุกเพศทุกวัย แต่พบในเพศหญิงมากกว่า</p></li></ul>', '<ul><li><p>- รับประทานอาหารที่มี <strong>ไอโอดีน</strong> อย่างเพียงพอ เช่น เกลือเสริมไอโอดีน</p></li><li><p>- ตรวจสุขภาพประจำปีโดยเฉพาะผู้หญิงวัยกลางคน</p></li><li><p>- หากมีอาการบวมที่คอ ควรไปพบแพทย์ทันที</p></li><li><p>- หลีกเลี่ยงการใช้ยาสมุนไพรหรืออาหารเสริมที่กระตุ้นต่อมไทรอยด์โดยไม่จำเป็น</p></li></ul>', '<ul><li><p>- มีก้อนบวมที่คอด้านหน้า</p></li><li><p>- อาจกลืนลำบากหรือรู้สึกแน่นคอ</p></li><li><p>- อาจมีเสียงแหบ หายใจลำบาก</p></li><li><p>- ถ้าไทรอยด์ทำงานเกิน: ใจสั่น เหงื่อออก น้ำหนักลด</p></li><li><p>- ถ้าไทรอยด์ทำงานต่ำ: อ่อนเพลีย น้ำหนักเพิ่ม หนาวง่าย</p></li></ul>', '<ul><li><p><strong>- ไม่ใช่โรคติดต่อ</strong></p></li><li><p>- แต่บางรูปแบบอาจมีปัจจัยทางกรรมพันธุ์</p></li></ul>'),
(31, 'ความดันต่ำหน้ามืดเวียนศีรษะ (Low Blood Pressure/Hypotension)', 'ความดันโลหิตต่ำ คือ ภาวะที่ความดันเลือดในหลอดเลือดแดงต่ำกว่าค่ามาตรฐาน ทำให้เลือดไหลเวียนไปยังอวัยวะต่างๆ ได้ไม่เพียงพอ ส่งผลให้เกิดอาการหน้ามืด เวียนศีรษะ และอ่อนเพลีย', 2, 'I95.9', '<ul><li><p>ความดันโลหิตต่ำมักนิยามว่า &lt; 90/60 mmHg</p></li><li><p>อาจเกิดขึ้นจากการขาดน้ำ เสียน้ำมาก การใช้ยา หรือปัญหาเกี่ยวกับหัวใจ</p></li><li><p>พบได้ในทุกเพศทุกวัย โดยเฉพาะผู้สูงอายุหรือคนที่มีโรคเรื้อรัง</p></li></ul>', '<ul><li><p>- ดื่มน้ำมากๆ อย่างน้อย 6-8 แก้วต่อวัน</p></li><li><p>- รับประทานอาหารที่มีเกลือในระดับเหมาะสม</p></li><li><p>- หลีกเลี่ยงการยืนเร็วหรือเปลี่ยนท่าทางเร็ว</p></li><li><p>- หมั่นออกกำลังกายเพื่อเพิ่มการไหลเวียนเลือด</p></li><li><p>- หลีกเลี่ยงการดื่มแอลกอฮอล์</p></li><li><p>- พักผ่อนให้เพียงพอ</p></li></ul>', '<ul><li><p>- หน้ามืด เวียนศีรษะ</p></li><li><p>- เหนื่อยง่าย อ่อนเพลีย</p></li><li><p>- เป็นลมบ่อย โดยเฉพาะเวลาเปลี่ยนอิริยาบถ</p></li><li><p>- มือเท้าเย็น ชีพจรเต้นเบา</p></li><li><p>- คลื่นไส้ มองเห็นภาพซ้อน</p></li></ul>', '<ul><li><p><strong>- ไม่ใช่โรคติดต่อ</strong></p></li><li><p>- เป็นภาวะทางกายที่เกิดจากปัจจัยหลายอย่าง เช่น ภาวะขาดน้ำ หัวใจเต้นผิดจังหวะ หรือยา</p></li></ul>'),
(32, 'ริดสีดวงตา (Hemorrhoids of the Eye - likely referring to Subconjunctival Hemorrhage)', 'ภาวะที่มีเลือดออกบริเวณใต้เยื่อบุตาขาว (เยื่อบางๆ ที่คลุมผิวลูกตา) ทำให้ตาแดงเหมือนเลือดออก แต่อาการไม่อันตรายและหายเองได้', 2, 'H57.89', '<ul><li><p>- เกิดจากเส้นเลือดฝอยในเยื่อบุตาขาวแตก</p></li><li><p>- มักเกิดขึ้นเฉียบพลันโดยไม่มีอาการเจ็บ</p></li><li><p>- ไม่ส่งผลกระทบต่อการมองเห็น</p></li><li><p>- มักเกิดจากการไอแรง จาม ยกของหนัก ขยี้ตา หรืออุบัติเหตุเล็กน้อย</p></li></ul>', '<ul><li><p>- หลีกเลี่ยงการขยี้ตารุนแรง</p></li><li><p>- พักผ่อนให้เพียงพอ</p></li><li><p>- หากใช้ยาต้านการแข็งตัวของเลือด ควรตรวจเลือดตามแพทย์นัด</p></li><li><p>- หากเกิดบ่อย ควรพบแพทย์เพื่อตรวจหาโรคความดันโลหิตสูงหรือโรคเลือด</p></li></ul>', '<ul><li><p>- ตาแดงสดในบริเวณขาวของลูกตา</p></li><li><p>- ไม่มีอาการปวดหรือเคือง</p></li><li><p>- ไม่มีน้ำตาไหลหรือหนอง</p></li><li><p>- การมองเห็นเป็นปกติ</p></li></ul>', '<ul><li><p>- ไม่ใช่โรคติดต่อ</p></li></ul>'),
(33, 'ท้องร่วง (Diarrhea)', 'ท้องร่วงคือภาวะที่มีการถ่ายอุจจาระเหลวหรือเป็นน้ำมากกว่าปกติ วันละมากกว่า 3 ครั้ง อาจเกิดจากการติดเชื้อ ระบบย่อยอาหารผิดปกติ หรือการแพ้อาหาร', 3, 'R19.7', '<ul><li><p>- ท้องร่วงมักเกิดจากไวรัส แบคทีเรีย หรือพยาธิ</p></li><li><p>- อาจมีสาเหตุจากอาหารปนเปื้อน อาหารที่ไม่สะอาด หรือการแพ้อาหารบางประเภท</p></li><li><p>- อาจมีอาการร่วม เช่น ปวดท้อง คลื่นไส้ อาเจียน มีไข้</p></li></ul>', '<ul><li><p>- ดื่มน้ำมาก ๆ เพื่อป้องกันการขาดน้ำ</p></li><li><p>- เลือกรับประทานอาหารปรุงสุกใหม่ สะอาด</p></li><li><p>- ล้างมือก่อนรับประทานอาหารและหลังเข้าห้องน้ำ</p></li><li><p>- หลีกเลี่ยงนม อาหารมัน หรืออาหารรสจัดขณะท้องเสีย</p></li><li><p>- หากถ่ายเหลวนานเกิน 2 วัน หรือมีไข้สูง ควรพบแพทย์</p></li></ul>', '<ul><li><p>- ถ่ายเหลว หรือถ่ายเป็นน้ำ</p></li><li><p>- ปวดท้องหรือปวดเกร็งในช่องท้อง</p></li><li><p>- อ่อนเพลีย มีไข้ คลื่นไส้</p></li><li><p>- ในบางรายอาจมีอาการขาดน้ำ เช่น ปากแห้ง ปัสสาวะน้อย เวียนศีรษะ</p></li></ul>', '<ul><li><p>- ติดต่อได้จากการกินอาหารหรือน้ำที่ปนเปื้อน</p></li><li><p>- สัมผัสมือหรือสิ่งของที่มีเชื้อโรคแล้วเอาเข้าปาก</p></li><li><p>- การล้างมือไม่สะอาดหลังเข้าห้องน้ำ</p></li></ul>'),
(34, 'ท้องเสีย (Dysentery)', 'ท้องเสียแบบมีมูกหรือเลือด (Dysentery) คือการอักเสบของลำไส้ โดยเฉพาะลำไส้ใหญ่ ทำให้ถ่ายอุจจาระบ่อย มีมูก เลือด หรือหนอง มักเกิดจากเชื้อแบคทีเรีย เช่น Shigella, Salmonella, หรือ Entamoeba histolytica (โปรโตซัว)', 3, 'A09', '<ul><li><p>- ติดต่อโดยการกินอาหารหรือน้ำที่ปนเปื้อน</p></li><li><p>- เชื้อจะทำลายเยื่อบุลำไส้ ทำให้เกิดอาการอักเสบ</p></li><li><p>- พบมากในเด็ก ผู้สูงอายุ หรือในพื้นที่ที่สุขาภิบาลไม่ดี</p></li></ul>', '<ul><li><p>- ล้างมือบ่อย ๆ โดยเฉพาะก่อนกินและหลังเข้าห้องน้ำ</p></li><li><p>- ดื่มน้ำสะอาด หลีกเลี่ยงอาหารสุก ๆ ดิบ ๆ</p></li><li><p>- รับประทานอาหารที่ปรุงสุกและเก็บในภาชนะสะอาด</p></li><li><p>- ดื่ม ORS (น้ำตาลเกลือแร่) ป้องกันภาวะขาดน้ำ</p></li><li><p>- ไม่ควรใช้ยาหยุดถ่ายในกรณีที่มีมูกเลือด (ควรขับเชื้อออก)</p></li></ul>', '<ul><li><p>- ถ่ายเหลววันละหลายครั้ง มีมูกหรือเลือดปน</p></li><li><p>- ปวดบีบท้อง ปวดเบ่ง</p></li><li><p>- อ่อนเพลีย มีไข้ หนาวสั่น</p></li><li><p>- คลื่นไส้ อาเจียน</p></li><li><p>- อาจเกิดภาวะขาดน้ำรุนแรงได้</p></li></ul>', '<ul><li><p>- ทางปาก โดยการกินอาหาร/น้ำที่ปนเปื้อน</p></li><li><p>- ติดต่อผ่านมือที่ไม่สะอาดหรือสัมผัสสิ่งของปนเปื้อน</p></li><li><p>- ไม่ติดต่อโดยการหายใจหรือสัมผัสผิวหนังโดยตรง</p></li></ul>'),
(35, 'ใจสั่นใจหวิว (Palpitations)', 'อาการใจสั่นใจหวิว (Palpitations) คือความรู้สึกที่หัวใจเต้นแรง เต้นเร็ว หรือเต้นผิดจังหวะ รู้สึกเหมือนหัวใจ “เต้นตุ้บ ๆ” หรือ “สะดุด” อาจเกิดขึ้นชั่วคราว หรือเป็นอาการของโรคหัวใจหรือภาวะอื่น ๆ', 3, 'R00.2', '<ul><li><p>- เป็นอาการ ไม่ใช่โรคโดยตรง</p></li><li><p>- เกิดได้จากหลายสาเหตุ เช่น ความเครียด วิตกกังวล การออกกำลังกายมากเกินไป หรือภาวะขาดน้ำ</p></li><li><p>- อาจเกิดจากโรคหัวใจ เช่น หัวใจเต้นผิดจังหวะ, ลิ้นหัวใจผิดปกติ</p></li><li><p>- บางครั้งเกี่ยวข้องกับภาวะฮอร์โมน เช่น ไทรอยด์เป็นพิษ หรือหมดประจำเดือน</p></li></ul>', '<ul><li><p>- พักผ่อนให้เพียงพอ</p></li><li><p>- หลีกเลี่ยงคาเฟอีน แอลกอฮอล์ หรือสารกระตุ้น</p></li><li><p>- หลีกเลี่ยงความเครียด</p></li><li><p>- ดื่มน้ำให้เพียงพอ</p></li><li><p>- หากมีอาการบ่อย ควรพบแพทย์ตรวจคลื่นไฟฟ้าหัวใจ (EKG)</p></li></ul>', '<ul><li><p>- รู้สึกว่าหัวใจเต้นแรงหรือเร็วผิดปกติ</p></li><li><p>- ใจหวิว เหมือนหัวใจ “ลอย”</p></li><li><p>- มึนศีรษะ หน้ามืด เหงื่อออก</p></li><li><p>- เหนื่อยง่าย</p></li><li><p>- ในรายรุนแรงอาจหมดสติ</p></li></ul>', '<ul><li><p>- ไม่ใช่โรคติดต่อ</p></li><li><p>- เกิดจากภายในร่างกายหรือพฤติกรรมการใช้ชีวิต</p></li></ul>'),
(36, 'พยาธิตัวตีด (Tapeworm Infestation)', 'พยาธิตัวตืดคือปรสิตที่อาศัยอยู่ในลำไส้ของมนุษย์และสัตว์ โดยได้รับการติดเชื้อจากการรับประทานเนื้อสัตว์ที่ปรุงไม่สุกหรือดิบ เช่น เนื้อหมู เนื้อวัว หรือปลาที่มีตัวอ่อนของพยาธิ\n\n', 3, 'B68', '<ul><li><p>- พยาธิตัวตืดที่พบบ่อย ได้แก่ <strong>Taenia saginata</strong> (จากเนื้อวัว), <strong>Taenia solium</strong> (จากเนื้อหมู) และ <strong>Diphyllobothrium latum</strong> (จากปลา)</p></li><li><p>- เมื่อเข้าสู่ร่างกาย ตัวอ่อนจะเจริญเติบโตเป็นพยาธิตัวเต็มวัยในลำไส้</p></li><li><p>- สามารถยาวได้หลายเมตร และอาศัยดูดซึมสารอาหารจากลำไส้ของคน</p></li><li><p>- ในบางกรณี เช่น <em>Taenia solium</em> อาจก่อให้เกิด <strong>พยาธิในสมอง (Cysticercosis)</strong> ซึ่งอันตรายรุนแรง</p></li></ul>', '<ul><li><p>- ปรุงอาหารให้สุกโดยเฉพาะเนื้อหมู เนื้อวัว ปลา</p></li><li><p>- ล้างมือก่อนรับประทานอาหาร</p></li><li><p>- ควบคุมสุขาภิบาลสิ่งแวดล้อม</p></li><li><p>- ตรวจคัดกรองในพื้นที่เสี่ยงหรือตรวจอุจจาระ</p></li></ul>', '<ul><li><p>- คลื่นไส้ ปวดท้อง เบื่ออาหาร</p></li><li><p>- น้ำหนักลด</p></li><li><p>- อ่อนเพลีย</p></li><li><p>- อาจพบปล้องพยาธิในอุจจาระ</p></li><li><p>- หากมีพยาธิในสมอง อาจชัก ปวดศีรษะ</p></li></ul>', '<ul><li><p>- รับประทานเนื้อสัตว์ดิบหรือปรุงไม่สุกที่มีตัวอ่อนของพยาธิ</p></li><li><p>- สุขอนามัยไม่ดี เช่น การใช้มือสกปรับจับอาหาร</p></li><li><p>- พยาธิไม่ติดต่อจากคนสู่คนโดยตรง แต่ไข่อาจปนเปื้อนสิ่งแวดล้อม</p></li></ul>'),
(37, 'พยาธิเส้นด้าย (Threadworm Infestation)', 'พยาธิเส้นด้าย หรือพยาธิปากขอ (Enterobius vermicularis) เป็นพยาธิตัวเล็ก ๆ ที่อาศัยในลำไส้ใหญ่ของมนุษย์ มักพบในเด็กและติดต่อกันง่ายในครอบครัวหรือสถานที่ที่มีคนรวมตัวกัน', 3, 'B80', '<ul><li><p>- พยาธิชนิดนี้มีขนาดเล็ก ยาวประมาณ 1 เซนติเมตร</p></li><li><p>- ตัวเมียจะออกไข่บริเวณรอบทวารหนักในตอนกลางคืน ทำให้เกิดอาการคัน</p></li><li><p>- ไข่พยาธิสามารถอยู่ในสภาพแวดล้อมและแพร่เชื้อได้ง่าย</p></li></ul>', '<ul><li><p>- ล้างมือให้สะอาดโดยเฉพาะหลังเข้าห้องน้ำและก่อนกินอาหาร</p></li><li><p>- ตัดเล็บให้สั้นและสะอาด</p></li><li><p>- ซักผ้าปูที่นอนและชุดชั้นในด้วยน้ำร้อน</p></li><li><p>- ทำความสะอาดบ้านอย่างสม่ำเสมอ</p></li><li><p>- หลีกเลี่ยงการเการอบทวารหนัก</p></li></ul>', '<ul><li><p>- คันรอบทวารหนัก โดยเฉพาะตอนกลางคืน</p></li><li><p>- นอนไม่หลับ รำคาญ</p></li><li><p>- อาจมีอาการระคายเคืองในช่องคลอดในเด็กหญิง</p></li><li><p>- ในบางรายอาจมีปวดท้องหรือเบื่ออาหาร</p></li></ul>', '<ul><li><p>- ติดต่อผ่านการกลืนไข่พยาธิที่ปนเปื้อนในมือ อาหาร ของเล่น หรือสิ่งของอื่น ๆ</p></li><li><p>- ไข่พยาธิที่ร่วงหล่นในที่นอน เสื้อผ้า หรือมือสู่ปาก เป็นสาเหตุหลักของการแพร่เชื้อซ้ำ</p></li></ul>'),
(38, 'กระเพาะปัสสาวะอักเสบ (Cystitis/Urinary Tract Infection - UTI)', 'กระเพาะปัสสาวะอักเสบ คือการติดเชื้อที่กระเพาะปัสสาวะ ซึ่งเป็นส่วนหนึ่งของทางเดินปัสสาวะ ทำให้เกิดการอักเสบและระคายเคือง', 4, 'N30.9', '<ul><li><p>- เกิดจากเชื้อแบคทีเรีย เช่น Escherichia coli (E. coli) ที่ปกติอาศัยในลำไส้</p></li><li><p>- เชื้อแบคทีเรียเข้าสู่ทางเดินปัสสาวะและเพิ่มจำนวนมากจนเกิดการติดเชื้อ</p></li><li><p>- พบได้บ่อยในผู้หญิงเนื่องจากท่อปัสสาวะสั้นและใกล้ทวารหนัก</p></li></ul>', '<ul><li><p>- ดื่มน้ำมาก ๆ เพื่อช่วยล้างเชื้อแบคทีเรีย</p></li><li><p>- ปัสสาวะให้หมดทุกครั้ง ไม่อั้นปัสสาวะ</p></li><li><p>- รักษาความสะอาดบริเวณอวัยวะเพศ</p></li><li><p>- หลังเข้าห้องน้ำ ควรเช็ดจากหน้าไปหลังเพื่อป้องกันเชื้อจากทวารหนักเข้าสู่ทางเดินปัสสาวะ</p></li><li><p>- หลีกเลี่ยงการใส่เสื้อผ้ารัดแน่นหรือเปียกชื้น</p></li></ul>', '<ul><li><p>- ปัสสาวะขัด ปัสสาวะบ่อย</p></li><li><p>- ปัสสาวะมีสีขุ่นหรือมีกลิ่นเหม็น</p></li><li><p>- ปวดหรือแสบขณะปัสสาวะ</p></li><li><p>- ปวดท้องน้อยหรือแน่นท้อง</p></li><li><p>- บางรายอาจมีไข้ต่ำ ๆ</p></li></ul>', '<p>ไม่ใช่โรคติดต่อทางเพศสัมพันธ์โดยตรง แต่เชื้อแบคทีเรียสามารถแพร่จากการมีเพศสัมพันธ์หรือการทำความสะอาดที่ไม่ถูกสุขลักษณะ</p>'),
(39, 'โรคติดต่อทางเพศ (Sexually Transmitted Infections - STIs)', 'โรคติดต่อทางเพศสัมพันธ์ คือกลุ่มโรคที่เกิดจากการติดเชื้อซึ่งส่งผ่านจากคนหนึ่งไปยังอีกคนหนึ่งผ่านกิจกรรมทางเพศ เช่น เพศสัมพันธ์ทางช่องคลอด ทางทวารหนัก หรือทางปาก', 4, 'A64', '<ul><li><p>มีสาเหตุจากเชื้อแบคทีเรีย ไวรัส หรือปรสิต เช่น</p><ul><li><p>- แบคทีเรีย: ซิฟิลิส (Syphilis), หนองใน (Gonorrhea), คลามีเดีย (Chlamydia)</p></li><li><p>- ไวรัส: เอดส์ (HIV), เริม (Herpes Simplex Virus), หูดหงอนไก่ (HPV)</p></li><li><p>- ปรสิต: เหาในบริเวณอวัยวะเพศ</p></li></ul></li><li><p>- โรคเหล่านี้สามารถทำให้เกิดผลเสียต่อสุขภาพ เช่น การอักเสบเรื้อรัง ภาวะมีบุตรยาก หรือเพิ่มความเสี่ยงติดเชื้อเอชไอวี</p></li></ul>', '<ul><li><p>- ใช้ถุงยางอนามัยทุกครั้งเมื่อต้องมีเพศสัมพันธ์</p></li><li><p>- ตรวจสุขภาพทางเพศอย่างสม่ำเสมอ</p></li><li><p>- หลีกเลี่ยงการมีคู่นอนหลายคน</p></li><li><p>- รักษาความสะอาดบริเวณอวัยวะเพศ</p></li><li><p>- หลีกเลี่ยงการใช้ของใช้ส่วนตัวร่วมกับผู้อื่น</p></li><li><p>- รับวัคซีน HPV หากมีโอกาส</p></li></ul>', '<ul><li><p>- แสบหรือเจ็บขณะปัสสาวะ</p></li><li><p>- มีตกขาวหรือตกขาวผิดปกติ</p></li><li><p>- มีตุ่ม แผล หรือผื่นบริเวณอวัยวะเพศ</p></li><li><p>- ปวด บวม หรือคันบริเวณอวัยวะเพศ</p></li><li><p>- มีเลือดออกผิดปกติจากช่องคลอดหรืออวัยวะเพศ</p></li><li><p>- บางรายอาจไม่มีอาการแต่ยังแพร่เชื้อได้</p></li></ul>', '<ul><li><p>- ผ่านการมีเพศสัมพันธ์ทุกรูปแบบ ได้แก่ ทางช่องคลอด ทวารหนัก หรือปาก</p></li><li><p>- ผ่านการสัมผัสเลือด เช่น การใช้เข็มฉีดยาร่วมกัน</p></li><li><p>- ผ่านจากแม่สู่ลูกขณะตั้งครรภ์หรือคลอด</p></li></ul>'),
(40, 'เกาต์ (Gout)', 'เกาต์เป็นโรคข้ออักเสบชนิดหนึ่งที่เกิดจากการสะสมของกรดยูริกในเลือดมากเกินไป จนเกิดผลึกยูเรตสะสมตามข้อ ทำให้เกิดการอักเสบและปวดข้ออย่างรุนแรง', 4, 'M10.9', '<ul><li><p>- เกิดจากการที่ร่างกายสร้างกรดยูริกมากเกินไป หรือขับกรดยูริกออกน้อยเกินไป</p></li><li><p>- ผลึกยูเรตไปตกค้างที่ข้อ ทำให้เกิดอาการอักเสบเฉียบพลัน</p></li><li><p>- มักเกิดกับข้อที่นิ้วหัวแม่เท้า ข้อเท้า ข้อเข่า เป็นต้น</p></li><li><p>- มีปัจจัยเสี่ยง เช่น กินอาหารที่มีพิวรีนสูง ดื่มแอลกอฮอล์ ความอ้วน ประวัติครอบครัว</p></li></ul>', '<ul><li><p>- หลีกเลี่ยงอาหารที่มีพิวรีนสูง เช่น เนื้อแดง เครื่องในสัตว์ อาหารทะเล</p></li><li><p>- ลดการดื่มแอลกอฮอล์</p></li><li><p>- ควบคุมน้ำหนักตัวให้เหมาะสม</p></li><li><p>- ดื่มน้ำมาก ๆ เพื่อช่วยขับกรดยูริก</p></li><li><p>- รับประทานยาและปฏิบัติตามคำแนะนำแพทย์อย่างเคร่งครัด</p></li></ul>', '<ul><li><p>- ปวดข้ออย่างรุนแรง บวม แดง ร้อนบริเวณข้อ</p></li><li><p>- อาการมักเริ่มเฉียบพลันตอนกลางคืน</p></li><li><p>- ข้อขยับลำบาก มีไข้ร่วมได้ในบางราย</p></li><li><p>- บางรายมีเกต (Tophi) คือก้อนผลึกยูเรตใต้ผิวหนัง</p></li></ul>', '<ul><li><p>- ไม่ติดต่อจากคนสู่คน</p></li></ul>'),
(41, 'ริดสีดวงทวาร (Hemorrhoids)', 'ริดสีดวงทวาร คือ ภาวะที่หลอดเลือดบริเวณทวารหนักหรือช่องทวารขยายตัวและอักเสบ เกิดเป็นก้อนเนื้อหรือปุ่มนูนในหรือรอบทวารหนัก ทำให้เกิดอาการเจ็บปวดและเลือดออก', 4, 'I84.9', '<ul><li><p>- เกิดจากความดันในหลอดเลือดบริเวณทวารหนักสูง เช่น การเบ่งอุจจาระแรง ท้องผูกเรื้อรัง นั่งหรือยืนนาน</p></li><li><p>- ริดสีดวงทวารแบ่งเป็นชนิดภายในและภายนอก</p></li><li><p>- มักพบในผู้ที่มีอายุ 30-50 ปี และมีพฤติกรรมเสี่ยง เช่น กินอาหารมีกากใยน้อย ดื่มน้ำน้อย</p></li></ul>', '<ul><li><p>- กินอาหารมีกากใยสูง เช่น ผัก ผลไม้</p></li><li><p>- ดื่มน้ำมาก ๆ เพื่อป้องกันท้องผูก</p></li><li><p>- ออกกำลังกายเป็นประจำ</p></li><li><p>- หลีกเลี่ยงการเบ่งอุจจาระแรงและนั่งนานในห้องน้ำ</p></li><li><p>- รักษาความสะอาดบริเวณทวารหนัก</p></li><li><p>- ใช้ผ้าชุบน้ำอุ่นประคบบริเวณที่เจ็บ</p></li></ul>', '<ul><li><p>- เจ็บหรือคันบริเวณทวารหนัก</p></li><li><p>- มีเลือดสดติดมากับอุจจาระหรือกระดาษชำระ</p></li><li><p>- รู้สึกมีก้อนหรือบวมที่ทวารหนัก</p></li><li><p>- ริดสีดวงภายนอกอาจมีตุ่มบวมและเจ็บเวลานั่ง</p></li></ul>', '<ul><li><p>- ไม่ติดต่อจากคนสู่คน</p></li></ul>'),
(42, 'ถ่ายมูกหรือมูกเลือด (Nasal Discharge or Nosebleeds)', 'อุจจาระที่มีมูกหรือเลือดปน อาจบ่งบอกถึงการอักเสบหรือการติดเชื้อในลำไส้ใหญ่หรือลำไส้เล็ก', 4, 'K62.5', '<ul><li><p>- อาจเกิดจากโรคติดเชื้อในลำไส้ เช่น แบคทีเรีย (เช่น Shigella, Salmonella), ไวรัส หรือปรสิต</p></li><li><p>- โรคลำไส้อักเสบเรื้อรัง เช่น โรคโครห์น (Crohn’s disease), ลำไส้ใหญ่อักเสบเรื้อรัง (Ulcerative colitis)</p></li><li><p>- ภาวะลำไส้ระคายเคือง (IBS)</p></li><li><p>- โรคริดสีดวงทวารในช่องทวารที่มีเลือดออก</p></li></ul>', '<ul><li><p>- รักษาความสะอาดมือ ล้างมือบ่อย ๆ โดยเฉพาะก่อนรับประทานอาหาร</p></li><li><p>- ดื่มน้ำสะอาดและอาหารที่ปรุงสุก</p></li><li><p>- หลีกเลี่ยงอาหารสกปรกหรืออาหารที่อาจทำให้ท้องเสีย</p></li><li><p>- พบแพทย์หากมีอาการรุนแรงหรือเลือดออกมาก</p></li></ul>', '<ul><li><p>- ท้องเสียบ่อยครั้ง อาจมีมูกหรือเลือดปนในอุจจาระ</p></li><li><p>- ปวดท้องหรือปวดบิดเป็นพัก ๆ</p></li><li><p>- อาจมีไข้หรือคลื่นไส้ร่วมด้วย</p></li><li><p>- อุจจาระอาจเป็นน้ำหรือเป็นก้อนเล็ก ๆ</p></li></ul>', '<ul><li><p>- หากเกิดจากเชื้อแบคทีเรียหรือไวรัส สามารถติดต่อทางอาหาร น้ำ หรือสัมผัสมือที่ไม่สะอาด</p></li></ul>'),
(43, 'รถล้มการปฐมพยาบาลและการเคลื่อนย้ายผู้ป่วยในที่เกิดเหตุ', 'เป็นเหตุการณ์ที่ผู้ขับขี่หรือผู้โดยสารประสบอุบัติเหตุจากการล้มรถ เช่น รถจักรยานยนต์ รถจักรยาน หรือแม้แต่รถยนต์ ที่ทำให้เกิดบาดเจ็บในร่างกาย เช่น แผลถลอก กระดูกหัก หรืออาการบาดเจ็บภายใน', 5, 'V20.XXXA', '<p>ไม่ใช่โรคแต่เป็นอุบัติเหตุทางร่างกายที่เกิดจากการล้มรถ อาจมีตั้งแต่บาดแผลเล็กน้อยถึงรุนแรง เช่น แผลถลอก ฟกช้ำ กระดูกหัก หรือบาดเจ็บศีรษะและไขสันหลัง</p>', '<ul><li><p><strong>ความปลอดภัย ณ จุดเกิดเหตุ:</strong>&nbsp;ประเมินสถานการณ์ให้แน่ใจว่าปลอดภัยต่อผู้ช่วยเหลือเองก่อนเข้าไปช่วยเหลือผู้บาดเจ็บ</p></li><li><p><strong>การปฐมพยาบาลเบื้องต้น:</strong></p><ul><li><p><strong>- ดูแลทางเดินหายใจ:</strong>&nbsp;ตรวจสอบว่าผู้บาดเจ็บหายใจได้หรือไม่ หากไม่หายใจ ให้ทำการช่วยฟื้นคืนชีพขั้นพื้นฐาน (CPR) หากได้รับการฝึกฝน</p></li><li><p><strong>- ห้ามเลือด:</strong>&nbsp;หากมีเลือดออก ให้ใช้ผ้าสะอาดกดบริเวณบาดแผลโดยตรง</p></li><li><p><strong>- ตรึงกระดูก:</strong>&nbsp;หากสงสัยว่ามีการหักของกระดูก (ปวด บวม ผิดรูป) ให้ดามด้วยวัสดุที่แข็งแรง เช่น ไม้ หรือกระดาษแข็ง และพันด้วยผ้า</p></li><li><p><strong>- ดูแลบาดแผล:</strong>&nbsp;ปิดบาดแผลด้วยผ้าสะอาดเพื่อป้องกันการติดเชื้อ</p></li><li><p><strong>- ประเมินระดับความรู้สึกตัว:</strong>&nbsp;พูดคุยกับผู้บาดเจ็บเพื่อดูว่ารู้สึกตัวหรือไม่</p></li></ul></li><li><p><strong>- การเคลื่อนย้ายผู้ป่วย:</strong>&nbsp;ควรเคลื่อนย้ายผู้บาดเจ็บให้น้อยที่สุดเท่าที่จะทำได้ โดยเฉพาะหากสงสัยว่ามีการบาดเจ็บที่กระดูกสันหลัง ควรรอทีมแพทย์กู้ชีพที่มีความชำนาญในการเคลื่อนย้าย หากจำเป็นต้องเคลื่อนย้ายจริงๆ ให้เคลื่อนย้ายโดยประคองศีรษะและลำตัวให้เป็นแนวเดียวกัน</p></li><li><p><strong>- โทรแจ้งหน่วยแพทย์ฉุกเฉิน:</strong>&nbsp;โทร 1669 เพื่อขอความช่วยเหลือทางการแพทย์โดยเร็วที่สุด ให้ข้อมูลเกี่ยวกับสถานที่เกิดเหตุ จำนวนผู้บาดเจ็บ และลักษณะการบาดเจ็บ</p></li></ul>', '<ul><li><p>- บาดแผลถลอกหรือแผลเปิด</p></li><li><p>- ปวดตามจุดที่ได้รับบาดเจ็บ</p></li><li><p>- บวม ฟกช้ำ</p></li><li><p>- กระดูกเคลื่อนหรือหัก</p></li><li><p>- อาจมีอาการสลบหรือหมดสติในกรณีรุนแรง</p></li><li><p>- หายใจลำบากหรือเวียนศีรษะ</p></li></ul>', '<ul><li><p>- ไม่ติดต่อ</p></li></ul>'),
(44, 'ตกจากที่สูง (Fall from height)', 'การตกจากที่สูงเป็นอุบัติเหตุที่อาจก่อให้เกิดการบาดเจ็บตั้งแต่เล็กน้อยจนถึงรุนแรง เช่น กระดูกหัก สมองกระทบกระเทือน หรืออวัยวะภายในเสียหาย ขึ้นอยู่กับความสูงและลักษณะการตก\n\n', 5, 'W13.XXXA', '<ul><li><p>- ผู้ป่วยอาจได้รับบาดเจ็บจากแรงกระแทก</p></li><li><p>- ความรุนแรงขึ้นกับระดับความสูง จุดที่กระแทก และสภาพร่างกายของผู้ป่วย</p></li><li><p>- อาจส่งผลต่อศีรษะ กระดูกสันหลัง กระดูกแขนขา หรืออวัยวะภายใน</p></li></ul>', '<ul><li><p>- ใช้อุปกรณ์นิรภัยเมื่อต้องทำงานที่สูง เช่น หมวกนิรภัย สายรัดกันตก</p></li><li><p>- หลีกเลี่ยงกิจกรรมเสี่ยงโดยไม่มีอุปกรณ์ป้องกัน</p></li><li><p>- เดินระวังบริเวณที่พื้นต่างระดับ</p></li><li><p>- ติดตั้งราวกันตกในพื้นที่อันตราย</p></li></ul>', '<ul><li><p>- ปวด บวม ฟกช้ำ หรือกระดูกผิดรูป</p></li><li><p>- อาการหมดสติ หรือสับสน</p></li><li><p>- เลือดออกภายนอกหรือภายใน</p></li><li><p>- หายใจลำบาก หรือเจ็บหน้าอก</p></li><li><p>- อัมพฤกษ์/อัมพาต หากกระดูกสันหลังได้รับผลกระทบ</p></li></ul>', '<ul><li><p><strong>- ไม่ใช่โรคติดต่อ</strong> (เป็นอุบัติเหตุ)</p></li></ul>'),
(45, 'บาดเจ็บจากการเล่นกีฬา (Sports injury)', 'การบาดเจ็บจากการเล่นกีฬา หมายถึง การบาดเจ็บที่เกิดขึ้นระหว่างการออกกำลังกายหรือเล่นกีฬา ซึ่งอาจเกิดขึ้นทันที (เฉียบพลัน) เช่น ข้อพลิก กล้ามเนื้อฉีก หรือเกิดแบบเรื้อรัง เช่น เอ็นอักเสบ จากการใช้งานซ้ำๆ\n\n', 5, 'Y93.69', '<ul><li><p>มักเกิดจากการหกล้ม การปะทะ หรือการเคลื่อนไหวที่ผิดท่า</p></li><li><p>ส่วนใหญ่เกิดบริเวณ ข้อเท้า เข่า ข้อมือ ไหล่ หรือกล้ามเนื้อ</p></li><li><p>แบ่งเป็น 2 ประเภท:</p><ul><li><p><strong>- เฉียบพลัน</strong>: เช่น ข้อพลิก กล้ามเนื้อฉีก</p></li><li><p><strong>- เรื้อรัง</strong>: เช่น เอ็นอักเสบ พังผืดอักเสบ</p></li></ul></li></ul>', '<ul><li><p>- อบอุ่นร่างกายก่อนเล่นกีฬา</p></li><li><p>- ใช้อุปกรณ์ป้องกันที่เหมาะสม</p></li><li><p>- หยุดเล่นหากมีอาการเจ็บ</p></li><li><p>- ออกกำลังกายอย่างถูกวิธี</p></li><li><p>- เสริมสร้างกล้ามเนื้อให้แข็งแรงอย่างสม่ำเสมอ</p></li></ul>', '<ul><li><p>- ปวด บวม แดง ร้อน บริเวณที่บาดเจ็บ</p></li><li><p>- ขยับลำบาก หรือเคลื่อนไหวแล้วเจ็บ</p></li><li><p>- กล้ามเนื้ออ่อนแรง</p></li><li><p>- ฟกช้ำ หรือข้อผิดรูป (ในกรณีรุนแรง)</p></li></ul>', '<ul><li><p>- ไม่ใช่โรคติดต่อ (เกิดจากอุบัติเหตุหรือการใช้งาน)</p></li></ul>'),
(46, 'ก้างปลาติดคอ (Foreign body in pharynx)', 'ก้างปลาติดคอ คือ ภาวะที่มีก้างปลาหรือสิ่งแปลกปลอมติดอยู่ในลำคอ ทำให้เกิดอาการระคายเคือง เจ็บ หรือรู้สึกไม่สบายบริเวณคอ ซึ่งอาจก่อให้เกิดการอักเสบหรือบาดแผลได้ หากไม่ถูกนำออกอย่างเหมาะสม', 5, 'T17.22XA', '<ul><li><p>- เกิดจากการกลืนก้างปลาหรือสิ่งแปลกปลอมโดยไม่ตั้งใจ</p></li><li><p>- ก้างปลาที่ติดคออาจฝังในเยื่อบุช่องปาก ลิ้นไก่ คอหอย หรือกล่องเสียง</p></li><li><p>- หากไม่เอาออกอาจนำไปสู่การอักเสบ ติดเชื้อ หรือเป็นฝี</p></li></ul>', '<ul><li><p>- เคี้ยวอาหารให้ละเอียดก่อนกลืน</p></li><li><p>- หลีกเลี่ยงการพูดหรือหัวเราะขณะรับประทานปลา</p></li><li><p>- หลีกเลี่ยงการกลืนข้าวเหนียวหรือกล้วยเพื่อดันก้างออก — อาจทำให้ก้างลึกขึ้น</p></li><li><p>- หากติดคอ ควรรีบพบแพทย์ ไม่ควรแคะหรือพยายามเอาออกเอง</p></li></ul>', '<ul><li><p>- เจ็บหรือระคายเคืองในลำคอ</p></li><li><p>- รู้สึกเหมือนมีอะไรติดในคอ</p></li><li><p>- กลืนลำบากหรือกลืนแล้วเจ็บ</p></li><li><p>- อาจมีเลือดออกเล็กน้อย</p></li><li><p>- ไอหรือสำลัก</p></li></ul>', '<ul><li><p>- ไม่ใช่โรคติดต่อ</p></li></ul>'),
(47, 'บาดเจ็บจากของมีคม (Contact with sharp object)', 'การบาดเจ็บจากของมีคม คือการที่วัตถุแหลมคม เช่น มีด แก้ว เหล็ก หรือโลหะ บาดเข้าไปในผิวหนังหรือเนื้อเยื่อ อาจทำให้เกิดแผลเปิด มีเลือดออก เจ็บปวด และเสี่ยงติดเชื้อ', 5, 'W29.XXXA', '<ul><li><p>- แผลมักเป็นเส้นตรง ขอบเรียบ</p></li><li><p>- ความลึกและขนาดของแผลขึ้นอยู่กับแรงและมุมของของมีคม</p></li><li><p>- อาจเกิดการตัดเส้นเลือด เส้นประสาท หรือเอ็น</p></li><li><p>- เสี่ยงติดเชื้อหากของมีคมสกปรก หรือแผลไม่ได้รับการดูแลอย่างเหมาะสม</p></li></ul>', '<ul><li><p>- ใช้อุปกรณ์ป้องกัน เช่น ถุงมือ หรือรองเท้านิรภัย</p></li><li><p>- จัดเก็บของมีคมให้ปลอดภัย</p></li><li><p>- หลีกเลี่ยงการเล่นหรือสัมผัสของมีคมโดยไม่จำเป็น</p></li><li><p>- หากเกิดบาดแผล ควรล้างแผลทันทีและปิดแผลอย่างถูกวิธี</p></li><li><p>- ไปพบแพทย์หากแผลลึกหรือใหญ่</p></li></ul>', '<ul><li><p>- เจ็บแผล บวม แดง</p></li><li><p>- เลือดออก (มากหรือน้อย)</p></li><li><p>- หากลึกมาก อาจเห็นไขมัน กล้ามเนื้อ หรือกระดูก</p></li><li><p>- อาจมีอาการชา หากเส้นประสาทถูกตัด</p></li><li><p>- อาจมีไข้ ถ้าแผลติดเชื้อ</p></li></ul>', '<ul><li><p>- ไม่ใช่โรคติดต่อ</p></li><li><p>- แต่ถ้าแผลสัมผัสเลือดหรือสารคัดหลั่งของผู้ติดเชื้อ HIV หรือไวรัสตับอักเสบ อาจเสี่ยงติดเชื้อได้</p></li></ul>'),
(49, 'asdasd', 'asd', 1, 'asd', '<p></p>', '<p></p>', '<p></p>', '<p></p>');

-- --------------------------------------------------------

--
-- Table structure for table `disease_medications`
--

CREATE TABLE `disease_medications` (
  `DiseaseID` int(11) NOT NULL,
  `MedicationID` int(11) NOT NULL
) ENGINE=InnoDB DEFAULT CHARSET=utf8mb4 COLLATE=utf8mb4_unicode_ci;

--
-- Dumping data for table `disease_medications`
--

INSERT INTO `disease_medications` (`DiseaseID`, `MedicationID`) VALUES
(1, 1),
(1, 39),
(14, 4),
(15, 5),
(15, 40),
(16, 6),
(16, 41),
(17, 7),
(18, 8),
(18, 42),
(19, 9),
(19, 43),
(20, 10),
(21, 11),
(21, 44),
(22, 12),
(23, 13),
(23, 45),
(24, 14),
(25, 15),
(25, 46),
(26, 16),
(26, 47),
(27, 17),
(28, 18),
(28, 48),
(29, 19),
(29, 49),
(30, 20),
(31, 21),
(32, 22),
(33, 23),
(33, 50),
(34, 24),
(34, 51),
(35, 25),
(36, 26),
(37, 27),
(38, 28),
(39, 29),
(40, 30),
(40, 52),
(41, 31),
(41, 53),
(42, 32),
(43, 33),
(44, 34),
(45, 35),
(45, 54),
(46, 36),
(47, 37);

-- --------------------------------------------------------

--
-- Table structure for table `disease_treatments`
--

CREATE TABLE `disease_treatments` (
  `DiseaseID` int(11) NOT NULL,
  `TreatmentID` int(11) NOT NULL
) ENGINE=InnoDB DEFAULT CHARSET=utf8mb4 COLLATE=utf8mb4_unicode_ci;

--
-- Dumping data for table `disease_treatments`
--

INSERT INTO `disease_treatments` (`DiseaseID`, `TreatmentID`) VALUES
(1, 1),
(14, 3),
(15, 4),
(16, 5),
(17, 6),
(18, 7),
(19, 8),
(19, 37),
(20, 9),
(21, 10),
(22, 11),
(23, 12),
(24, 13),
(25, 14),
(25, 38),
(26, 15),
(26, 39),
(27, 16),
(28, 17),
(29, 18),
(30, 19),
(31, 20),
(32, 21),
(33, 22),
(34, 23),
(35, 24),
(36, 25),
(37, 26),
(38, 27),
(39, 28),
(40, 29),
(41, 30),
(42, 31),
(43, 32),
(44, 33),
(45, 34),
(46, 35),
(47, 36);

-- --------------------------------------------------------

--
-- Table structure for table `feedbacks`
--

CREATE TABLE `feedbacks` (
  `FeedbackID` int(11) NOT NULL,
  `FeedbackText` text NOT NULL,
  `CreatedAt` timestamp NOT NULL DEFAULT current_timestamp(),
  `HealthArticleID` int(11) DEFAULT NULL
) ENGINE=InnoDB DEFAULT CHARSET=utf8mb4 COLLATE=utf8mb4_unicode_ci;

--
-- Dumping data for table `feedbacks`
--

INSERT INTO `feedbacks` (`FeedbackID`, `FeedbackText`, `CreatedAt`, `HealthArticleID`) VALUES
(5, 'test', '2025-06-13 02:00:05', 1),
(6, 'ข้อมูลที่ให้นี้ดีมากเลยครับ', '2025-06-19 03:15:40', 15),
(7, 'ข้อมูลนี้ดีมากๆเลยครับ', '2025-06-21 06:42:41', 16);

-- --------------------------------------------------------

--
-- Table structure for table `healtharticles`
--

CREATE TABLE `healtharticles` (
  `HealthArticleID` int(11) NOT NULL,
  `DiseaseID` int(11) NOT NULL,
  `AdminID` int(11) NOT NULL,
  `ImageID` int(11) NOT NULL,
  `VideoID` int(11) DEFAULT NULL,
  `Views` int(11) NOT NULL,
  `CreatedAt` timestamp NOT NULL DEFAULT current_timestamp(),
  `isActive` tinyint(1) NOT NULL
) ENGINE=InnoDB DEFAULT CHARSET=utf8mb4 COLLATE=utf8mb4_unicode_ci;

--
-- Dumping data for table `healtharticles`
--

INSERT INTO `healtharticles` (`HealthArticleID`, `DiseaseID`, `AdminID`, `ImageID`, `VideoID`, `Views`, `CreatedAt`, `isActive`) VALUES
(1, 1, 1, 1, 1, 188, '2025-06-12 15:28:22', 1),
(14, 14, 1, 4, 10, 25, '2025-06-13 23:40:08', 1),
(15, 15, 1, 5, 4, 62, '2025-06-13 23:45:57', 1),
(16, 16, 1, 6, 11, 22, '2025-06-13 23:53:11', 1),
(17, 17, 1, 7, 12, 16, '2025-06-13 23:58:30', 1),
(18, 18, 1, 8, 13, 8, '2025-06-14 00:02:53', 1),
(19, 19, 1, 9, 14, 10, '2025-06-14 00:07:17', 1),
(20, 20, 1, 10, 15, 8, '2025-06-14 00:11:35', 1),
(21, 21, 1, 11, 16, 8, '2025-06-14 00:15:19', 1),
(22, 22, 1, 12, 17, 8, '2025-06-14 00:20:00', 1),
(23, 23, 1, 13, 18, 12, '2025-06-14 00:23:31', 1),
(24, 24, 1, 14, 19, 10, '2025-06-14 00:28:26', 1),
(25, 25, 1, 15, 20, 6, '2025-06-14 00:32:41', 1),
(26, 26, 1, 16, NULL, 31, '2025-06-14 00:36:24', 1),
(27, 27, 1, 17, 22, 8, '2025-06-14 00:40:23', 1),
(28, 28, 1, 18, 23, 8, '2025-06-14 00:44:28', 1),
(29, 29, 1, 19, NULL, 6, '2025-06-14 00:49:54', 1),
(30, 30, 1, 20, NULL, 14, '2025-06-14 00:53:42', 1),
(31, 31, 1, 21, 25, 4, '2025-06-14 00:57:03', 1),
(32, 32, 1, 22, 26, 8, '2025-06-14 01:01:06', 1),
(33, 33, 1, 23, 27, 10, '2025-06-14 01:04:45', 1),
(34, 34, 1, 24, 28, 4, '2025-06-14 01:08:32', 1),
(35, 35, 1, 25, 29, 4, '2025-06-14 01:11:28', 1),
(36, 36, 1, 26, NULL, 6, '2025-06-14 01:15:16', 1),
(37, 37, 1, 27, NULL, 5, '2025-06-14 01:18:37', 1),
(38, 38, 1, 28, 30, 4, '2025-06-14 01:21:03', 1),
(39, 39, 1, 29, 31, 6, '2025-06-14 01:23:51', 1),
(40, 40, 1, 30, 32, 4, '2025-06-14 01:26:54', 1),
(41, 41, 1, 31, 33, 4, '2025-06-14 01:29:51', 1),
(42, 42, 1, 32, 34, 4, '2025-06-14 01:34:00', 1),
(43, 43, 1, 33, NULL, 4, '2025-06-14 01:37:45', 1),
(44, 44, 1, 34, NULL, 6, '2025-06-14 01:42:46', 1),
(45, 45, 1, 35, 35, 12, '2025-06-14 01:45:20', 1),
(46, 46, 1, 36, 36, 6, '2025-06-14 01:48:47', 1),
(47, 47, 1, 37, 37, 14, '2025-06-14 01:51:56', 1);

-- --------------------------------------------------------

--
-- Table structure for table `imagelibrary`
--

CREATE TABLE `imagelibrary` (
  `ImageID` int(11) NOT NULL,
  `ImageName` varchar(255) NOT NULL,
  `ImageURL` varchar(255) NOT NULL,
  `Credit` varchar(255) NOT NULL
) ENGINE=InnoDB DEFAULT CHARSET=utf8mb4 COLLATE=utf8mb4_unicode_ci;

--
-- Dumping data for table `imagelibrary`
--

INSERT INTO `imagelibrary` (`ImageID`, `ImageName`, `ImageURL`, `Credit`) VALUES
(1, 'กลาก (Ringworm)', 'http://res.cloudinary.com/dcq3ijz0g/image/upload/v1749766877/icare/kembxhfmjk9ewgfzurjh.jpg', 'https://katudermatology.com/post_service/nan/'),
(2, 'COVID-19', 'http://res.cloudinary.com/dcq3ijz0g/image/upload/v1749768546/icare/isojuzjbcczfcxpnynla.png', 'https://benjarom.com/โรคโคโรนาไวรัส-covid-19-เป็นโร/'),
(4, 'ความดันโลหิตสูง (Hypertension)', 'http://res.cloudinary.com/dcq3ijz0g/image/upload/v1749817346/icare/bufpzc2krft8uwcq3qrl.jpg', 'https://asgwellness.com/การวัดสัญญาณชีพ-ทักษะพี/'),
(5, 'งูสวัด (Shingles)', 'http://res.cloudinary.com/dcq3ijz0g/image/upload/v1749817465/icare/kqr9vod8w1oel3nmdpxl.webp', 'https://www.chularat3inter.com/th/contents/shingles-symptoms-treatment-prevention'),
(6, 'ผื่นคันตามตัว (Rash and Itching)', 'http://res.cloudinary.com/dcq3ijz0g/image/upload/v1749817561/icare/sdli52xpsqpp2u7kvhoh.jpg', 'https://www.johnsonsbaby.co.th/review-and-tips/beauty/causes-of-allergic-rhinitis'),
(7, 'ฝี (Abscess)', 'http://res.cloudinary.com/dcq3ijz0g/image/upload/v1749817684/icare/lmth6uswlvuvihiduxnu.jpg', 'https://www.pobpad.com/ฝี'),
(8, 'ลมพิษ (Hives/Urticaria)', 'http://res.cloudinary.com/dcq3ijz0g/image/upload/v1749817843/icare/s0zwuocaytc6h1lj0jpv.png', 'https://www.rattinan.com/urticaria/'),
(9, 'อีสุกอีใส (Chickenpox)', 'http://res.cloudinary.com/dcq3ijz0g/image/upload/v1749817873/icare/rrxbkffin59bof77ylav.jpg', 'https://th.wikipedia.org/wiki/อีสุกอีใส'),
(10, 'ไข้หวัดใหญ่ (Influenza/Flu)', 'http://res.cloudinary.com/dcq3ijz0g/image/upload/v1749817924/icare/dh73w0qpf1dcscjzppnp.jpg', 'https://www.dibukhospital.com/influenza/'),
(11, 'แผลพุพองอักเสบ (Blisters and Inflamed Wounds)', 'http://res.cloudinary.com/dcq3ijz0g/image/upload/v1749817975/icare/kegtz6bcjfovh3i7q2r3.jpg', 'https://health.kapook.com/view279834.html'),
(12, 'โรคไข้เลือดออก (Dengue Fever)', 'http://res.cloudinary.com/dcq3ijz0g/image/upload/v1749818004/icare/mb9dp5ykuty0y1lwzlbr.jpg', 'https://www.tropmedhospital.com/knowledge/dengue.html'),
(13, 'กุ้งยิง (Stye)', 'http://res.cloudinary.com/dcq3ijz0g/image/upload/v1749818053/icare/xpm2lqiuuf5yphrhdaem.png', 'https://www.vimut.com/article/Herpes-Simplex-virus'),
(14, 'เริม (Herpes Simplex)', 'http://res.cloudinary.com/dcq3ijz0g/image/upload/v1749818082/icare/e7vnf3zia6jtydctyz5r.jpg', 'https://ihealzy.com/allergic-rhinitis-0272/'),
(15, 'คัดจมูกแพ้อากาศ', 'http://res.cloudinary.com/dcq3ijz0g/image/upload/v1749818104/icare/tbhlfnoco0voxqmuoy0l.jpg', 'https://www.siamhealth.net/public_html/Disease/infectious/mumps.htm'),
(16, 'คางทูม (Mumps)', 'http://res.cloudinary.com/dcq3ijz0g/image/upload/v1749818126/icare/r9fb1l8auxjqihfa19fd.jpg', 'https://www.siamhealth.net/public_html/Disease/infectious/mumps.htm'),
(17, 'ต่อมทอนซิลอักเสบ (Tonsillitis)', 'http://res.cloudinary.com/dcq3ijz0g/image/upload/v1749818170/icare/f3y1irydhx6yqo2pwx36.jpg', 'https://hdmall.co.th/blog/hdcare/tonsil-screening-selfcheck/'),
(18, 'ไซนัสอักเสบ (Sinusitis)', 'http://res.cloudinary.com/dcq3ijz0g/image/upload/v1749818232/icare/bmv8fkn9h0jdz2ls0vjd.jpg', 'https://www.health2click.com/2021/06/09/โรคไซนัสอักเสบ-sinusitis/'),
(19, 'เหงือกอักเสบ (Gingivitis)', 'http://res.cloudinary.com/dcq3ijz0g/image/upload/v1749818260/icare/bovhiyvolrgmasm1tvhd.jpg', 'https://www.familyfundee.com/dental-blog/inflamed-gums'),
(20, 'คอพอก (Goiter)', 'http://res.cloudinary.com/dcq3ijz0g/image/upload/v1749818280/icare/nc7qk3oe3vhxr4lbtts7.jpg', ' https://www.mccormickhospital.com/web/articles/blogs/nowan'),
(21, 'ความดันต่ำหน้ามืดเวียนศีรษะ (Low Blood Pressure/Hypotension)', 'http://res.cloudinary.com/dcq3ijz0g/image/upload/v1749818298/icare/tgfxpzqkskgz9msbj5h1.jpg', 'https://www.istockphoto.com/th/search/2/image-film?phrase=ความด้นโลหิตต่ำ'),
(22, 'ริดสีดวงตา (Subconjunctival Hemorrhage)', 'http://res.cloudinary.com/dcq3ijz0g/image/upload/v1749818489/icare/bkienjetgkcvloyrmnkk.jpg', 'https://mgronline.com/qol/detail/9610000067296'),
(23, 'ท้องร่วง (Diarrhea)', 'http://res.cloudinary.com/dcq3ijz0g/image/upload/v1749818531/icare/elvuvbbwbhldzuayqyoh.jpg', 'https://www.tropmedhospital.com/knowledge/acute_diarrhea_intro.html'),
(24, 'ท้องเสีย (Dysentery)', 'http://res.cloudinary.com/dcq3ijz0g/image/upload/v1749818587/icare/xlj9xmxmxldch9cjbrjs.jpg', 'https://www.pobpad.com/ท้องเสีย'),
(25, 'ใจสั่นใจหวิว (Palpitations)', 'http://res.cloudinary.com/dcq3ijz0g/image/upload/v1749818643/icare/tiqzm0khndvy8k1sgux7.jpg', 'https://health.kapook.com/view81002.html'),
(26, 'พยาธิตัวตีด (Tapeworm Infestation)', 'http://res.cloudinary.com/dcq3ijz0g/image/upload/v1749818670/icare/sfznq5fxfzr5ibas5ifp.jpg', 'https://cth.co.th/tape-worms/'),
(27, 'พยาธิเส้นด้าย (Threadworm Infestation)', 'http://res.cloudinary.com/dcq3ijz0g/image/upload/v1749818689/icare/yqwe1jgjpm9hm3jyzvj7.jpg', 'https://hellokhunmor.com/สุขภาพ/ความรู้เกี่ยวกับสุขภาพทั่วไป/พยาธิ-พบได้ในคน/'),
(28, 'กระเพาะปัสสาวะอักเสบ (Cystitis/Urinary Tract Infection - UTI)', 'http://res.cloudinary.com/dcq3ijz0g/image/upload/v1749818715/icare/xhimchfyinxn28sa4eus.jpg', 'https://gentleclinic.co.th/urinary-tract-infection/'),
(29, 'โรคติดต่อทางเพศ (Sexually Transmitted Infections - STIs)', 'http://res.cloudinary.com/dcq3ijz0g/image/upload/v1749818737/icare/yfqihwsrrbgneub8lyyp.png', 'https://ch9airport.com/th/โรคติดเชื้อทางเพศสัมพ้/'),
(30, 'เกาต์ (Gout)', 'http://res.cloudinary.com/dcq3ijz0g/image/upload/v1749818773/icare/cyy2ewfbahcsyo0cqqee.jpg', 'https://medthai.com/โรคเกาต์/'),
(31, 'ริดสีดวงทวาร (Hemorrhoids)', 'http://res.cloudinary.com/dcq3ijz0g/image/upload/v1749818921/icare/spzpyeqvzpkjmjb8bjez.jpg', 'https://www.rattinan.com/hemorrhoids/'),
(32, 'ถ่ายมูกหรือมูกเลือด (Nasal Discharge or Nosebleeds)', 'http://res.cloudinary.com/dcq3ijz0g/image/upload/v1749819051/icare/knvilkastglhopfms3kg.jpg', 'https://www.vimut.com/article/Blood-in-stool'),
(33, 'รถล้มการปฐมพยาบาลและการเคลื่อนย้ายผู้ป่วยในที่เกิดเหตุ', 'http://res.cloudinary.com/dcq3ijz0g/image/upload/v1749819078/icare/pjk08t6gsipeztvzqkrq.jpg', 'https://th.theasianparent.com/มอเตอร์ไซค์ล้มตอนท้อง'),
(34, 'ตกจากที่สูง', 'http://res.cloudinary.com/dcq3ijz0g/image/upload/v1749819116/icare/ljjj2apqb1ak7eay8wi2.jpg', 'https://glovetex.com/working-at-heights-safety-techniques/'),
(35, 'บาดเจ็บจากการเล่นกีฬา', 'http://res.cloudinary.com/dcq3ijz0g/image/upload/v1749819167/icare/yuh2as6q3vqystayuacj.jpg', 'https://www.bangkokhospital.com/th/bangkok/content/5-injuries-from-sports'),
(36, 'ก้างปลาติดคอ', 'http://res.cloudinary.com/dcq3ijz0g/image/upload/v1749819199/icare/x7pjilpfzcfzcyf1bdnx.jpg', 'https://health.kapook.com/view134701.html'),
(37, 'บาดเจ็บจากของมีคม', 'http://res.cloudinary.com/dcq3ijz0g/image/upload/v1749819228/icare/zhzfcwvfryhlsuacw2j1.jpg', 'https://www.scimath.org/other-article/item/7386-2017-07-20-07-29-12'),
(38, 'การแก้ปัญหาการนอนหลับ', 'http://res.cloudinary.com/dcq3ijz0g/image/upload/v1749819723/icare/o3ckdtnyngb5teeeyaqs.jpg', 'https://www.maikron.co.th/insomnia-older/'),
(39, 'การรับมือความเครียดทางจิตใจ', 'http://res.cloudinary.com/dcq3ijz0g/image/upload/v1749819767/icare/ckguwf1esjnth1enopsg.jpg', 'https://www.si.mahidol.ac.th/th/healthdetail.asp?aid=1492'),
(40, 'การปฐมพยาบาลด้วยผ้าพันแผล', 'http://res.cloudinary.com/dcq3ijz0g/image/upload/v1749819781/icare/ug4akhaorjcpcu7otvt8.jpg', 'https://www.healthdome.me/บทความสุขภาพ-en/การปฐมพยาบาลเบื้องต้น-ก/'),
(41, 'การเลือกใช้ยาสามัญประจำบ้าน', 'http://res.cloudinary.com/dcq3ijz0g/image/upload/v1749819809/icare/ek6cs0rwqjrzk6her0iu.jpg', 'https://health.kapook.com/view266928.html'),
(42, 'อาหารช่วยการนอนหลับ ผ่อนคลายสมอง', 'http://res.cloudinary.com/dcq3ijz0g/image/upload/v1749820268/icare/prnwegzp7pgyn9w73mmq.jpg', 'https://www.bangkokhospital.com/th/bangkok/content/7-tips-for-difficult-sleepers');

-- --------------------------------------------------------

--
-- Table structure for table `medications`
--

CREATE TABLE `medications` (
  `MedicationID` int(11) NOT NULL,
  `MedicationName` varchar(255) NOT NULL,
  `GenericName` varchar(255) NOT NULL,
  `DosageForm` varchar(100) NOT NULL,
  `Strength` varchar(50) DEFAULT NULL,
  `Indications` text DEFAULT NULL,
  `SideEffects` text DEFAULT NULL,
  `Contraindications` text DEFAULT NULL,
  `SymptomsDrugAllergies` varchar(255) DEFAULT NULL,
  `TreatDrugAllergies` varchar(255) DEFAULT NULL
) ENGINE=InnoDB DEFAULT CHARSET=utf8mb4 COLLATE=utf8mb4_unicode_ci;

--
-- Dumping data for table `medications`
--

INSERT INTO `medications` (`MedicationID`, `MedicationName`, `GenericName`, `DosageForm`, `Strength`, `Indications`, `SideEffects`, `Contraindications`, `SymptomsDrugAllergies`, `TreatDrugAllergies`) VALUES
(1, 'Lamisil', 'Terbinafine', 'เม็ด', '250 mg', 'รักษาเชื้อราที่ผิวหนัง เช่น กลากเกลื้อน เชื้อราที่เท้า และเชื้อราที่เล็บ', 'คลื่นไส้', 'โรคตับรุนแรง (สำหรับยารับประทาน)', 'ผื่นแดง  คันตามผิวหนัง  บวมบริเวณหน้า ริมฝีปาก ลิ้น หรือคอ  หายใจลำบาก  มีไข้ร่วมกับอาการผิวหนังพุพอง หรือผิวลอก (เป็นอาการแพ้รุนแรง)', 'หยุดยา ทันทีที่พบอาการแพ้\n\nพบแพทย์หรือไปโรงพยาบาล ทันทีหากมีอาการรุนแรง เช่น หายใจลำบากหรือบวมที่ใบหน้า\n\nอาจได้รับการรักษาด้วย ยาต้านฮีสตามีน หรือ ยาสเตียรอยด์ ขึ้นกับระดับความรุนแรง\n\nในกรณีแพ้รุนแรง (anaphylaxis) แพทย์อาจต้องใช้ Epinephrine (อะดรีนาลีน)'),
(4, 'Norvasc', 'Amlodipine', 'เม็ด', '5 mg, 10 mg', 'รักษาความดันโลหิตสูง, ป้องกันโรคหลอดเลือดหัวใจ', 'ขาบวม, เวียนหัว, ใจสั่น', 'ผู้แพ้ยาในกลุ่ม calcium channel blockers', 'ผื่น, หายใจลำบาก, หน้าบวม', 'หยุดยา, พบแพทย์, ให้ยาแก้แพ้หรืออะดรีนาลีนในกรณีรุนแรง'),
(5, 'Famvir', 'Famciclovir', 'เม็ด', '500 mg', 'รักษางูสวัด, เริม, อีสุกอีใส', 'คลื่นไส้ อาเจียน ปวดศีรษะ ท้องเสีย ปวดท้อง', 'ผู้ที่แพ้ยาในกลุ่ม antiviral, ผู้ป่วยไตวายรุนแรง', 'ผื่นลมพิษ หายใจลำบาก บวมรอบตา/ปาก', 'หยุดยา พบแพทย์ทันที ให้ยาต้านอาการแพ้ (antihistamine, corticosteroids) และดูแลระบบทางเดินหายใจหากมีอาการรุนแรง'),
(6, 'Cetirizine', 'Cetirizine', 'เม็ด', '10 mg', 'บรรเทาอาการคันจากการแพ้ แมลงกัด หรือระคายเคืองผิว', 'ง่วงนอน', 'ห้ามใช้กับผู้แพ้ส่วนประกอบของยา', 'ผื่นลมพิษ  หายใจลำบาก  หน้าบวม ปากบวม ตาบวม  ช็อกจากการแพ้รุนแรง (anaphylaxis)', 'หยุดใช้ยาทันที\n\nรับประทานยาแก้แพ้ (เช่น Diphenhydramine)\n\nหากรุนแรงต้อง รีบนำส่งโรงพยาบาล และอาจต้องฉีด Epinephrine'),
(7, 'Augmentin', 'Amoxicillin + Clavulanic acid', 'เม็ด', '500 mg', 'รักษาการติดเชื้อแบคทีเรียในผิวหนัง เช่น ฝี, หนอง, แผลติดเชื้อ', 'คลื่นไส้ อาเจียน  ท้องเสีย  ผื่นแพ้  เจ็บท้อง', 'ห้ามใช้ในผู้ที่แพ้ยาเพนิซิลลิน  ผู้มีประวัติโรคตับรุนแรง', 'ผื่นลมพิษ  หายใจติดขัด  หน้าบวม คอบวม  ช็อกจากการแพ้ (anaphylaxis)', 'หยุดยาและพบแพทย์ทันที\n\nให้ยาแก้แพ้ เช่น Diphenhydramine\n\nในกรณีรุนแรงฉีด Epinephrine และเข้ารับการรักษาในโรงพยาบาล\n\n'),
(8, 'Clarityne', 'Loratadine', 'เม็ด', '10 mg', 'บรรเทาอาการคัน และผื่นจากลมพิษ  ใช้ในผู้ที่มีอาการแพ้เรื้อรัง เช่น จาม น้ำมูกไหล', 'ง่วงซึม (พบได้น้อยกว่ารุ่นเก่า)  ปากแห้ง  เวียนศีรษะ  ปวดศีรษะ', 'ห้ามใช้ในผู้ที่แพ้ Loratadine หรือสารในตัวยา  หญิงตั้งครรภ์ควรปรึกษาแพทย์ก่อนใช้', 'ผื่นแดงทั่วตัว  หายใจติดขัด  หน้าบวม ลิ้นบวม  แน่นหน้าอก', 'หยุดยาโดยทันที\n\nพบแพทย์ด่วน\n\nให้ยาต้านการแพ้ เช่น Diphenhydramine\n\nหากรุนแรงอาจต้องฉีด Epinephrine'),
(9, 'Zovirax', 'Acyclovir', 'เม็ด', '800 mg', 'ใช้รักษาการติดเชื้อไวรัส VZV  ลดความรุนแรงของโรค และป้องกันภาวะแทรกซ้อน', 'คลื่นไส้ อาเจียน  เวียนศีรษะ  ผื่นแพ้  ท้องเสีย', 'ห้ามใช้ในผู้แพ้ Acyclovir หรือยากลุ่มเดียวกัน  ควรปรึกษาแพทย์ก่อนใช้ในหญิงตั้งครรภ์หรือให้นมบุตร  ระวังการใช้ในผู้มีปัญหาไต', 'ผื่นแดง  ลมพิษ  หน้าบวม  หายใจลำบาก', 'หยุดใช้ยาทันที\n\nรีบพบแพทย์หรือไปโรงพยาบาล\n\nอาจได้รับยาแก้แพ้ หรือฉีดอะดรีนาลีนในกรณีรุนแรง'),
(10, 'Tamiflu', 'Oseltamivir', 'เม็ด', '75 mg', 'รักษาอาการไข้หวัดใหญ่ชนิด A และ B  ใช้ในช่วง 48 ชั่วโมงแรกของการเริ่มมีอาการ เพื่อผลการรักษาที่ดีที่สุด', 'คลื่นไส้ อาเจียน  ปวดท้อง  วิงเวียน  อาการทางจิต เช่น หงุดหงิด หรือสับสน (พบได้น้อยในเด็ก)', 'ผู้แพ้ยา Oseltamivir  หญิงตั้งครรภ์และให้นมบุตรควรปรึกษาแพทย์ก่อนใช้ยา', 'ผื่น ลมพิษ  หายใจลำบาก  หน้าบวม ริมฝีปากบวม', 'หยุดใช้ยา\n\nให้ยาแก้แพ้ เช่น Diphenhydramine\n\nหากรุนแรง ให้ฉีด Epinephrine และนำส่งโรงพยาบาลทันที\n\n'),
(11, 'Bactroban', 'Mupirocin', 'ทา', '2%', 'รักษาแผลติดเชื้อแบคทีเรียที่ผิวหนัง เช่น แผลผุพองอักเสบ', 'ระคายเคืองผิวหนังบริเวณที่ทา  แสบหรือคันเล็กน้อย  ผื่นแพ้', 'แพ้ยา Mupirocin หรือส่วนประกอบในยา  ห้ามใช้ในบริเวณตาหรือเยื่อเมือก', 'ผื่นลมพิษ  บวมใบหน้า หรือปาก  หายใจลำบาก', 'หยุดใช้ยา\n\nใช้ยาแก้แพ้ เช่น antihistamines\n\nหากรุนแรง อาจต้องรับการรักษาในโรงพยาบาล'),
(12, 'Paracetamol', 'Paracetamol (Acetaminophen)', 'เม็ด', '500 mg', 'ลดไข้  บรรเทาอาการปวด', 'มีโอกาสเกิดความเสียหายที่ตับหากใช้เกินขนาด', 'แพ้พาราเซตามอล  ผู้ที่มีโรคตับรุนแรงควรระวัง', 'ผื่นลมพิษ  บวมหน้าหรือริมฝีปาก  หายใจลำบาก', 'หยุดใช้ยา\n\nรับประทานยาต้านฮิสตามีน (Antihistamines)\n\nรีบพบแพทย์หากอาการรุนแรง'),
(13, 'Erythromycin Eye Ointment', 'Erythromycin', 'ทา', '0.5%', 'รักษาและป้องกันการติดเชื้อแบคทีเรียบริเวณดวงตา เช่น กุ้งยิง', 'ระคายเคืองตาชั่วคราว  ตาแห้งหรือแสบตา', 'แพ้ยากลุ่ม Macrolides  ระวังการใช้ในผู้ที่แพ้ส่วนประกอบยา', 'ตาแดงบวมมากขึ้น  ตาแสบหรือมีน้ำตาไหลมากผิดปกติ  ผื่นหรือบวมบริเวณใบหน้า', 'หยุดใช้ยา\n\nล้างตาด้วยน้ำสะอาด\n\nรับประทานยาต้านฮิสตามีน หรือพบแพทย์ทันที'),
(14, 'Acyclovir', 'Acyclovir', 'เม็ด', '400 mg', 'รักษาโรคเริมในระยะเฉียบพลันและป้องกันการกลับมาเกิดซ้ำของเริม', 'คลื่นไส้ อาเจียน  ปวดศีรษะ  ผื่น คัน  อาการแพ้ยาในบางราย', 'ผู้แพ้ยา Acyclovir หรือส่วนประกอบใด ๆ ของยา  ผู้ที่มีปัญหาการทำงานของไตอย่างรุนแรงควรแจ้งแพทย์ก่อนใช้ยา', 'ผื่นแดง บวม คัน  หายใจลำบาก เวียนศีรษะ  บวมที่ใบหน้า ริมฝีปาก หรือคอ (อาการแพ้รุนแรงต้องรีบพบแพทย์ทันที)', 'หยุดใช้ยา\n\nล้างบริเวณที่แพ้ด้วยน้ำสะอาด\n\nใช้ยาต้านฮิสตามีนหรือรับการรักษาจากแพทย์ทันที'),
(15, 'Loratadine', 'Loratadine', 'เม็ด', '10 mg', 'บรรเทาอาการแพ้ เช่น คัดจมูก จาม คันตา น้ำมูกไหล', 'ง่วงนอนเล็กน้อย (น้อยกว่ายาแก้แพ้รุ่นเก่า)  ปากแห้ง  ปวดศีรษะ', 'ผู้แพ้ยา Loratadine หรือส่วนประกอบยา  สตรีมีครรภ์หรือให้นมบุตร ควรปรึกษาแพทย์ก่อนใช้', 'ผื่นคัน บวม  หายใจลำบาก เวียนศีรษะ', 'หยุดใช้ยา\n\nรับประทานยาต้านฮิสตามีนหรือพบแพทย์ทันที'),
(16, 'Paracetamol', 'Paracetamol', 'เม็ด', '500 mg', 'บรรเทาอาการปวดและลดไข้', 'แพ้ยา ผื่น  คลื่นไส้ อาเจียน (พบได้น้อย)', 'ผู้แพ้ยา Paracetamol หรือส่วนประกอบในยา  ผู้ที่มีโรคตับรุนแรงควรใช้ด้วยความระมัดระวัง', 'ผื่นคัน บวม  หายใจลำบาก  เวียนศีรษะ', 'หยุดใช้ยา\n\nรับประทานยาต้านฮิสตามีน หรือพบแพทย์ทันที\n\n'),
(17, 'Amoxicillin', 'Amoxicillin', 'เม็ด', '500 mg', 'รักษาการติดเชื้อแบคทีเรีย เช่น ต่อมทอนซิลอักเสบจากเชื้อ Streptococcus', 'คลื่นไส้ อาเจียน ท้องเสีย  ผื่น  ภาวะแพ้ยารุนแรง (anaphylaxis) ในบางราย', 'แพ้ยาในกลุ่ม Penicillin  ห้ามใช้ร่วมกับยาบางชนิด เช่น Allopurinol', 'ผื่นแดง คัน  หายใจลำบาก  หน้าบวม ปากบวม', 'หยุดใช้ยา\n\nรีบไปพบแพทย์\n\nใช้ยาต้านฮิสตามีนหรือฉีด Epinephrine (ในรายรุนแรง)'),
(18, 'Augmentin', 'Amoxicillin + Clavulanic acid', 'เม็ด', '500 mg', 'รักษาการติดเชื้อแบคทีเรียในระบบทางเดินหายใจ เช่น ไซนัสอักเสบเฉียบพลันจากแบคทีเรีย', 'คลื่นไส้  ท้องเสีย  ผื่น  อาการแพ้ยาในบางราย', 'แพ้ยาในกลุ่ม Penicillin หรือ Clavulanic acid  มีประวัติตับอักเสบจากการใช้ยานี้', 'ผื่นลมพิษ  หายใจลำบาก  บวมบริเวณใบหน้า ลิ้น หรือคอ', 'หยุดยา\n\nให้ยาต้านฮิสตามีน\n\nรีบพบแพทย์ หากมีอาการรุนแรงให้ฉีด Epinephrine ทันที'),
(19, 'Chlorhexidine Mouthwash', 'Chlorhexidine Gluconate', 'น้ำ', '0.12%', 'ลดการสะสมของแบคทีเรีย ลดการอักเสบของเหงือก', 'เปลี่ยนสีฟัน (ชั่วคราว)  รสชาติเปลี่ยน  ระคายเคืองในช่องปาก', 'แพ้ Chlorhexidine  ห้ามกลืนยา', 'ผื่น คันในช่องปาก  ลิ้นบวม ปากบวม  หายใจลำบาก (ในกรณีรุนแรง)', 'หยุดใช้ยา\n\nล้างปากด้วยน้ำเปล่า\n\nรับประทานยาแก้แพ้ เช่น ยาต้านฮิสตามีน\n\nรีบพบแพทย์หากอาการไม่ดีขึ้น'),
(20, 'Methimazole', 'Methimazole', 'เม็ด', '5 mg', 'รักษาภาวะไทรอยด์ทำงานเกิน (ไทรอยด์เป็นพิษ)', 'ผื่น  คัน  เม็ดเลือดขาวต่ำ  ตับอักเสบ', 'ผู้ที่มีประวัติแพ้ Methimazole  ผู้ที่มีภาวะเม็ดเลือดขาวต่ำ', 'ผื่นลมพิษ  หายใจลำบาก  หน้าบวม ริมฝีปากบวม', 'หยุดใช้ยา\n\nให้ยาต้านฮิสตามีน\n\nหากมีอาการรุนแรง เช่น หายใจลำบาก รีบไปโรงพยาบาลทันที\n\n'),
(21, 'Midodrine', 'Midodrine', 'เม็ด', '2.5 mg', 'เพิ่มความดันโลหิตในผู้ป่วยที่มีภาวะความดันต่ำเรื้อรัง', 'รู้สึกร้อนวูบวาบ  คันหนังศีรษะ  ปวดหัว  ปัสสาวะบ่อย', 'ผู้ที่มีภาวะความดันโลหิตสูง  โรคหัวใจขาดเลือด  โรคตับและไตรุนแรง', 'ผื่น คัน  หายใจลำบาก  บวมบริเวณใบหน้า ริมฝีปาก', 'หยุดใช้ยา\n\nรับประทานยาต้านฮิสตามีน\n\nหากอาการรุนแรง ควรรีบไปโรงพยาบาลทันที'),
(22, 'Artificial Tears', 'Carboxymethylcellulose หรือ Hydroxypropyl methylcellulose', 'น้ำ', '1%', 'ช่วยบรรเทาอาการระคายเคืองในตา ไม่สามารถรักษาเลือดออกได้โดยตรง แต่ช่วยลดความไม่สบายตา', 'ตาแสบเล็กน้อยชั่วคราว  มองเห็นภาพเบลอหลังหยอดในช่วงสั้นๆ', 'แพ้ส่วนประกอบในน้ำตาเทียม', 'ตาบวม คัน  ตาแดงมากขึ้น  มีผื่นบริเวณรอบดวงตา', 'หยุดใช้ทันที\n\nล้างตาด้วยน้ำสะอาด\n\nพบแพทย์หรือจักษุแพทย์เพื่อรับยาต้านอาการแพ้'),
(23, 'Loperamide', 'Loperamide Hydrochloride', 'เม็ด', '2 mg', 'รักษาอาการท้องร่วงเฉียบพลัน โดยลดการบีบตัวของลำไส้', 'ท้องผูก  เวียนศีรษะ  ปวดท้อง อึดอัดท้อง  อ่อนเพลีย', 'ห้ามใช้ในเด็กอายุต่ำกว่า 2 ปี  ห้ามใช้หากมีอาการท้องเสียที่มีเลือดปนหรือมีไข้  ห้ามใช้ในผู้ป่วยที่มีภาวะลำไส้อักเสบเฉียบพลัน (เช่น Dysentery)', 'ผื่น ลมพิษ  หายใจลำบาก  หน้าบวม ตาบวม', 'หยุดใช้ยา\n\nรับประทานยาต้านฮิสตามีน\n\nพบแพทย์ทันทีหากมีอาการหายใจติดขัดหรือบวมมาก'),
(24, 'Metronidazole', 'Metronidazole', 'เม็ด', '500 mg', 'รักษาโรคบิดที่เกิดจากโปรโตซัว (Amoebic dysentery) และการติดเชื้อแบคทีเรียในลำไส้', 'คลื่นไส้ เบื่ออาหาร  ปากแห้ง หรือมีรสโลหะในปาก  ปวดหัว  ปัสสาวะสีเข้ม', 'ห้ามใช้ในหญิงตั้งครรภ์ไตรมาสแรก  ห้ามดื่มแอลกอฮอล์ขณะใช้ยา  ห้ามใช้ในผู้ที่แพ้ยานี้', 'ผื่นขึ้น คัน ลมพิษ  หายใจลำบาก  หน้าบวม ปากบวม', 'หยุดใช้ยา\n\nพบแพทย์ทันที\n\nรับยาต้านฮิสตามีนหรือฉีดยาแก้แพ้ตามแพทย์สั่ง'),
(25, 'Inderal', 'Propranolol', 'เม็ด', '10 mg', 'รักษาอาการใจสั่น หัวใจเต้นผิดจังหวะ และความดันโลหิตสูง', 'อ่อนเพลีย  เวียนศีรษะ  หัวใจเต้นช้า  มือเท้าเย็น', 'ห้ามใช้ในผู้ป่วยหอบหืดรุนแรง  ผู้มีภาวะหัวใจเต้นช้าผิดปกติ  ผู้ที่แพ้ยานี้', 'ผื่น คัน ลมพิษ  หายใจลำบาก  หน้าบวม', 'หยุดยา\n\nให้ยาต้านฮิสตามีน\n\nพบแพทย์ทันทีหากมีอาการรุนแรง'),
(26, 'Niclosamide', 'Niclosamide', 'เม็ด', '500 mg', 'ใช้รักษาการติดเชื้อพยาธิตัวตืดในลำไส้', 'คลื่นไส้ อาเจียน  ปวดท้อง  ท้องเสียเล็กน้อย  ผื่นแพ้ยาในบางราย', 'ห้ามใช้ในผู้ที่แพ้ Niclosamide  หลีกเลี่ยงในหญิงตั้งครรภ์ช่วง 3 เดือนแรก', 'ผื่น ลมพิษ  หายใจลำบาก  หน้าบวม ปากบวม', 'หยุดยา\n\nให้ยาแก้แพ้ เช่น antihistamine\n\nหากอาการรุนแรงให้พบแพทย์ด่วน'),
(27, 'Mebendazole', 'Mebendazole', 'เม็ด', '100 mg', 'รักษาการติดเชื้อพยาธิเส้นด้ายในลำไส้', 'ปวดศีรษะ  เวียนศีรษะ  คลื่นไส้ อาเจียน  ท้องเสีย', 'หญิงตั้งครรภ์ โดยเฉพาะไตรมาสแรก  ผู้แพ้ยากลุ่ม benzimidazole', 'ผื่น ลมพิษ  บวมใบหน้า ริมฝีปาก หรือคอ  หายใจลำบาก', 'หยุดยา\n\nให้ยาแก้แพ้ เช่น antihistamine\n\nพบแพทย์ทันทีในกรณีรุนแรง'),
(28, 'Nitrofurantoin', 'Nitrofurantoin', 'เม็ด', '100 mg', 'รักษาและป้องกันการติดเชื้อในทางเดินปัสสาวะ', 'คลื่นไส้  ปวดศีรษะ  อาการแพ้ผิวหนัง  อาการไอหรือหายใจลำบากในบางราย', 'ผู้ที่มีโรคไตเรื้อรัง  ผู้ที่แพ้ Nitrofurantoin', 'ผื่น ลมพิษ  บวมใบหน้า ริมฝีปาก หรือคอ  หายใจลำบาก', 'หยุดยา\n\nให้ยาแก้แพ้ เช่น antihistamine\n\nพบแพทย์ทันทีในกรณีรุนแรง'),
(29, 'Azithromycin', 'Azithromycin', 'เม็ด', '500 mg', 'รักษาโรคติดเชื้อแบคทีเรียในโรคติดต่อทางเพศสัมพันธ์ เช่น คลามีเดีย', 'คลื่นไส้ อาเจียน  ท้องเสีย  ปวดท้อง  ผื่นแพ้', 'ผู้ที่แพ้กลุ่ม Macrolides  หญิงตั้งครรภ์หรือให้นมบุตรควรปรึกษาแพทย์ก่อนใช้', 'ผื่น ลมพิษ  บวมใบหน้า ริมฝีปาก หรือลำคอ  หายใจลำบาก', 'หยุดใช้ยา\n\nให้ยาแก้แพ้ เช่น antihistamine\n\nพบแพทย์ทันทีในกรณีรุนแรง'),
(30, 'Allopurinol', 'Allopurinol', 'เม็ด', '300 mg', 'ลดระดับกรดยูริกในเลือด รักษาและป้องกันเกาต์', 'ผื่นแพ้  ปวดศีรษะ  ปัญหาเกี่ยวกับตับหรือไตในบางราย', 'แพ้ยา Allopurinol  ผู้ป่วยที่มีปัญหาไตรุนแรงควรระวัง', 'ผื่นแดง ลมพิษ  บวมใบหน้า คอหรือริมฝีปาก  หายใจลำบาก', 'หยุดใช้ยา\n\nใช้ยาแก้แพ้และพบแพทย์ทันที'),
(31, 'Hydrocortisone Cream', 'Hydrocortisone', 'ทา', '1%', 'ลดการอักเสบและอาการคันจากริดสีดวงทวาร', 'ผิวหนังบางลงเมื่อใช้ระยะยาว  ระคายเคืองหรือแสบผิวหนัง', 'แพ้ยากลุ่มสเตียรอยด์  ห้ามใช้ในบริเวณที่มีแผลเปิดหรือการติดเชื้อ', 'ผื่นแดง บวม ผิวหนังลอก  คันหรือแสบรุนแรง', 'หยุดใช้ยา\n\nใช้ยาแก้แพ้\n\nปรึกษาแพทย์ทันทีหากอาการรุนแรง'),
(32, 'Metronidazole', 'Metronidazole', 'น้ำ', '500 mg', 'รักษาการติดเชื้อแบคทีเรียและปรสิตในลำไส้', 'คลื่นไส้  ปวดศีรษะ  รสชาติในปากเปลี่ยนไป', 'ห้ามใช้ร่วมกับแอลกอฮอล์  หญิงตั้งครรภ์ในไตรมาสแรกควรปรึกษาแพทย์ก่อนใช้ยา', 'ผื่นคัน  บวมที่ใบหน้า  หายใจลำบาก', 'หยุดใช้ยา\n\nพบแพทย์ทันที\n\nอาจให้ยาแก้แพ้หรือยาฉีดเพื่อบรรเทาอาการ'),
(33, 'Paracetamol', 'Paracetamol', 'เม็ด', '500 mg', 'บรรเทาอาการปวดและลดไข้ในผู้ป่วยที่ได้รับบาดเจ็บจากรถล้ม  ใช้ในกรณีที่ไม่มีอาการอักเสบรุนแรงที่ต้องใช้ยาแก้อักเสบ', 'อาจเกิดอาการแพ้ เช่น ผื่นลมพิษ  ในกรณีใช้ยาปริมาณสูงอาจทำให้ตับได้รับความเสียหาย', 'ผู้ที่แพ้พาราเซตามอล  ผู้ที่มีโรคตับรุนแรง', 'ผื่นแดง คัน  บวมบริเวณใบหน้า หรือริมฝีปาก  หายใจลำบาก หรือเสียงหายใจเปลี่ยนไป  เวียนศีรษะหมดสติ', 'หยุดใช้ยาทันที\n\nรับประทานยาต้านฮิสตามีน (Antihistamine)\n\nหากมีอาการรุนแรง เช่น หายใจลำบาก ต้องรีบพบแพทย์ด่วน'),
(34, 'Paracetamol', 'Paracetamol', 'เม็ด', '500 mg', 'บรรเทาอาการปวด บวม และไข้ เช่น อาการปวดกล้ามเนื้อหรือปวดจากการบาดเจ็บ', 'คลื่นไส้ วิงเวียนศีรษะ หรืออาการแพ้ (พบได้น้อย)', 'ผู้ที่เป็นโรคตับหรือแพ้ยานี้', 'ผื่น ลมพิษ หายใจลำบาก หน้าบวม', 'หยุดยา ทานยาต้านฮิสตามีน และรีบพบแพทย์'),
(35, 'Ibuprofen', 'Ibuprofen', 'เม็ด', '400 mg', 'บรรเทาอาการปวดและลดการอักเสบจากกล้ามเนื้อหรือข้อต่อที่บาดเจ็บ', 'ปวดท้อง คลื่นไส้ เลือดออกในกระเพาะอาหาร (ในบางราย)', 'ผู้มีประวัติโรคกระเพาะอาหาร โรคไต หรือแพ้ NSAIDs', 'หายใจลำบาก ผื่น ลมพิษ บวมที่หน้าและลำคอ', 'หยุดยา ทานยาต้านฮิสตามีน รีบพบแพทย์ทันที'),
(36, 'Chlorpheniramine', 'Chlorpheniramine Maleate', 'เม็ด', '4 mg', 'บรรเทาอาการบวม อักเสบ และแพ้บริเวณลำคอ หากเกิดอาการแพ้หรือระคายเคืองจากก้าง', 'ง่วงซึม ปากแห้ง มึนศีรษะ', 'ห้ามใช้ในผู้ที่แพ้ยากลุ่ม antihistamines', 'ผื่น ลมพิษ หายใจติดขัด หรือบวมที่หน้า/ปาก', 'หยุดยา รับประทานยาต้านฮิสตามีนอื่น หรือรีบพบแพทย์ทันที'),
(37, 'Amoxicillin', 'Amoxicillin', 'เม็ด', '500 mg', 'ป้องกันและรักษาการติดเชื้อแบคทีเรียในแผล', 'ท้องเสีย คลื่นไส้ ผื่น', 'แพ้ยาในกลุ่มเพนิซิลลิน (Penicillin)', 'หายใจติดขัด ผื่นลมพิษ หน้าบวม ปากบวม', 'หยุดยา รับประทานยาต้านฮิสตามีน พบแพทย์ทันที'),
(39, 'Canesten cream', 'Clotrimazole', 'ทา', '1%', 'รักษากลาก เกลื้อน เชื้อราที่ผิวหนัง เชื้อราขาหนีบ เชื้อราที่เท้า', 'คัน แสบร้อน แดง ลอกบริเวณที่ทา อาการเหล่านี้มักหายได้เอง', 'ห้ามใช้หากมีประวัติแพ้ตัวยานั้นๆ ห้ามทาบริเวณแผลเปิดหรือรอบดวงตา', 'ผื่นแดงมาก คันรุนแรง แสบ พอง หรือผิวหนังลอกผิดปกติ', 'หยุดใช้ยาทันที ล้างยาด้วยน้ำสะอาด พบแพทย์เพื่อรับยาแก้แพ้ หากรุนแรงให้พบแพทย์ด่วน'),
(40, 'Zovirax', 'Acyclovir', 'ทา', '5%', 'ใช้รักษาการติดเชื้อไวรัส เช่น เริมที่ริมฝีปาก, เริมที่อวัยวะเพศ, งูสวัด ในระยะเริ่มต้น', 'คัน ระคายเคือง แสบเล็กน้อย ผิวแห้งลอกบริเวณที่ทา', 'ห้ามใช้ในผู้ที่แพ้ Acyclovir หรือส่วนประกอบในยา ห้ามใช้ในดวงตา ปาก หรือภายในช่องคลอด', 'ผื่นแดง คัน บวมบริเวณที่ทา หายใจลำบาก (ในกรณีแพ้รุนแรง)', 'หยุดใช้ยา ทายาลดการอักเสบ (ตามแพทย์สั่ง), หากแพ้รุนแรงควรรีบพบแพทย์ทันทีเพื่อรับยาต้านอาการแพ้หรือฉีด Adrenaline'),
(41, 'Calamine Lotion', 'Calamine', 'ทา', '15%', 'บรรเทาอาการคัน ระคายเคือง', 'ผิวแห้ง, เย็น', 'แพ้ส่วนผสม', 'ผื่นแดง คันลุกลาม', 'หยุดใช้ ทายาลดอักเสบ พบแพทย์หากไม่ดีขึ้น'),
(42, 'Calamine Lotion', 'Calamine', 'ทา', '15%', 'บรรเทาอาการคันและระคายเคืองผิว', 'ผิวแห้ง', 'ห้ามใช้ในผู้แพ้ส่วนประกอบ', 'ผื่นแดง คัน', 'หยุดใช้ยา ทายาอื่นตามคำแนะนำแพทย์\n'),
(43, 'Calamine Lotion', 'Calamine', 'ทา', '15%', 'บรรเทาอาการคันและระคายเคืองผิว', 'ผิวแห้ง', 'แพ้ส่วนประกอบของโลชั่น', 'ผื่นแดง คัน', 'หยุดใช้ยา ทายาอื่นตามคำแนะนำแพทย์'),
(44, 'Paracetamol', 'Paracetamol', 'เม็ด', '500 mg', 'บรรเทาอาการปวดจากแผลและไข้', 'คลื่นไส้ ปวดท้อง', 'แพ้พาราเซตามอล', 'ผื่น ลมพิษ', 'หยุดยา ยาทดแทนตามคำแนะนำแพทย์'),
(45, 'Paracetamol', 'Paracetamol', 'เม็ด', '500 mg', 'บรรเทาอาการปวดถ้ามี', 'คลื่นไส้ ปวดท้อง', 'แพ้พาราเซตามอล', 'ผื่น ลมพิษ', 'หยุดยา ยาทดแทนตามคำแนะนำแพทย์'),
(46, 'Flonase', 'Fluticasone Propionate', 'พ่น', '50 mcg', 'ลดอาการอักเสบและคัดจมูกจากภูมิแพ้', 'แสบจมูก แสบคอ', 'แพ้ Fluticasone', 'แสบคอ แดง คัน', 'หยุดยา พบแพทย์ทันที'),
(47, 'Nurofen', 'Ibuprofen', 'เม็ด', '200 mg', 'ลดไข้ ลดปวด ลดการอักเสบ', 'ปวดท้อง แสบกระเพาะอาหาร', 'แพ้ไอบูโพรเฟน', 'ผื่น แดง บวม', 'หยุดยา พบแพทย์ทันที'),
(48, 'Flonase', 'Fluticasone Propionate', 'พ่น', '50 mcg', 'ลดการอักเสบในโพรงจมูกและไซนัส', 'แสบจมูก แสบคอ', 'แพ้ Fluticasone', 'แสบคอ แดง คัน', 'หยุดยา พบแพทย์ทันที'),
(49, 'Paracetamol', 'Paracetamol', 'เม็ด', '500 mg', 'ลดปวดหากมีอาการปวดเหงือก', 'คลื่นไส้ ปวดท้อง', 'แพ้พาราเซตามอล', 'ผื่น ลมพิษ', 'หยุดใช้ ยาทดแทนตามแพทย์แนะนำ'),
(50, 'Smecta', 'Diosmectite', 'ผง', '3 g', 'เคลือบลำไส้ ลดอาการถ่ายเหลว', 'ท้องผูก ท้องอืด', 'ห้ามใช้ในผู้ที่ลำไส้อุดตัน', 'ผื่น คัน ปากบวม', 'หยุดยา พบแพทย์'),
(51, 'ORS (เกลือแร่)', 'Oral Rehydration Salt', 'ผง', 'ตามสูตร WHO', 'ป้องกันการขาดน้ำ', 'ท้องอืด (ถ้าดื่มเร็ว)', 'ห้ามในภาวะน้ำท่วมปอด/ไตวายเฉียบพลัน', 'ระคายช่องปาก แน่นหน้าอก', 'ล้างปาก หยุดใช้ พบแพทย์'),
(52, 'Colchicine', 'Colchicine', 'เม็ด', '0.5 mg', 'รักษาและป้องกันเกาต์เฉียบพลัน', 'ท้องเสีย คลื่นไส้', 'โรคไตขั้นรุนแรง, หญิงตั้งครรภ์', 'ผื่น ลมพิษ คลื่นไส้', 'หยุดยา พบแพทย์ทันที'),
(53, 'Paracetamol', 'Paracetamol', 'เม็ด', '500 mg', 'บรรเทาอาการปวด', 'ปวดท้อง', 'ผู้ที่แพ้ยา', 'ผื่น, คัน', 'หยุดยา พบแพทย์ทันที'),
(54, 'Diclofenac Gel', 'Diclofenac Sodium', 'ทา', '1-3%', 'ลดอาการปวดและอักเสบเฉพาะที่', 'แสบหรือระคายเคืองผิวหนัง', 'แพ้ยาในกลุ่ม NSAIDs', 'ผื่น แดง บวม', 'ล้างออกและหยุดใช้ยา');

-- --------------------------------------------------------

--
-- Table structure for table `treatments`
--

CREATE TABLE `treatments` (
  `TreatmentID` int(11) NOT NULL,
  `TreatmentName` varchar(255) NOT NULL,
  `Description` text NOT NULL,
  `Procedures` text NOT NULL,
  `Duration` varchar(50) NOT NULL,
  `SideEffects` text DEFAULT NULL,
  `Contraindications` text DEFAULT NULL
) ENGINE=InnoDB DEFAULT CHARSET=utf8mb4 COLLATE=utf8mb4_unicode_ci;

--
-- Dumping data for table `treatments`
--

INSERT INTO `treatments` (`TreatmentID`, `TreatmentName`, `Description`, `Procedures`, `Duration`, `SideEffects`, `Contraindications`) VALUES
(1, 'การรับประทานยาฆ่าเชื้อรา', 'ใช้ยารับประทานกรณีเชื้อราลุกลาม รุนแรง หรือไม่ตอบสนองต่อการทาเฉพาะที่', 'รับประทานยาตามที่แพทย์สั่งวันละ 1 ครั้ง\nตรวจการทำงานของตับก่อนและระหว่างใช้ยา', '2–6 สัปดาห์ หรือมากกว่า', 'คลื่นไส้ ปวดหัว ผื่น ลมพิษ มีผลต่อตับ (ควรติดตามการทำงานของตับ)', 'ห้ามใช้ในผู้ป่วยโรคตับ โรคไต หญิงตั้งครรภ์ หรือผู้แพ้ตัวยา'),
(3, 'รับประทานยา', 'รักษาเพื่อควบคุมไม่ให้ความดันสูงเกินไป\n\nป้องกันภาวะแทรกซ้อน เช่น หัวใจล้มเหลว ไตวาย\n\nอาศัยทั้งการปรับพฤติกรรม + ยารักษาอย่างต่อเนื่อง', 'ตรวจวัดความดันอย่างสม่ำเสมอ\n\nปรับพฤติกรรม: ออกกำลังกาย, ลดเกลือ\n\nตรวจเลือด, ตรวจไต, ตรวจหัวใจ\n\nรับประทานยาตามแพทย์สั่ง\n\nติดตามอาการทุก 3-6 เดือน', 'ป็นโรคเรื้อรัง ต้องรักษา ตลอดชีวิต  หากควบคุมได้ดี', 'ยาบางชนิดอาจทำให้:  อ่อนเพลีย  ขาบวม  เวียนศีรษะ  เสื่อมสมรรถภาพทางเพศในบางราย', 'หญิงตั้งครรภ์ (ยาบางกลุ่ม เช่น ACE inhibitors ห้ามใช้)  ผู้ป่วยโรคไตบางรายต้องระวัง  ห้ามหยุดยาด้วยตนเอง อาจเกิด rebound hypertension ได้'),
(4, 'รับประทานยา', 'การรักษาโรคงูสวัดเน้นไปที่การ ลดการเพิ่มจำนวนของไวรัส, บรรเทาอาการปวด, และ ป้องกันภาวะแทรกซ้อน เช่น ปวดปลายประสาทเรื้อรัง (Postherpetic Neuralgia)\nโดยใช้ ยาต้านไวรัส เป็นหลัก และอาจร่วมกับ ยาแก้ปวด หรือ ยาทาภายนอก ตามอาการของผู้ป่วย', 'วินิจฉัยจากอาการ เช่น ผื่นมีตุ่มน้ำใส เรียงตัวตามแนวเส้นประสาท\n\nหากอยู่ในช่วง ไม่เกิน 72 ชั่วโมง หลังผื่นขึ้น:\n\nสั่งจ่าย ยาต้านไวรัส เช่น Acyclovir, Valacyclovir, หรือ Famciclovir\n\nให้ยา แก้ปวด เช่น Paracetamol, Ibuprofen หรือยาเฉพาะทางสำหรับปวดเส้นประสาท (เช่น Gabapentin)\n\nหากอาการรุนแรง: พิจารณาให้ ยาทาภายนอก เช่น ยาชาทา, คาลามายด์โลชั่น\n\nติดตามอาการเป็นระยะ โดยเฉพาะหากมีความเสี่ยงเกิดภาวะแทรกซ้อน', 'การรักษาด้วย ยาต้านไวรัส: 7–10 วัน  ผื่นและตุ่มน้ำ', 'ยาต้านไวรัส: คลื่นไส้ อาเจียน ปวดศีรษะ ผื่นแพ้ ผิวแห้ง  ยาแก้ปวด: ปวดท้อง แสบท้อง ง่วงนอน เวียนศีรษะ  ยาชาทาภายนอก: อาจเกิดผื่นคัน บางรายแพ้ส่วนผสม', 'ผู้ป่วยโรค ไตระยะรุนแรง: ต้องปรับขนาดยา  หญิงตั้งครรภ์และให้นมบุตร: ควรปรึกษาแพทย์ก่อนใช้ยา'),
(5, 'ใช้ยาแก้แพ้', 'การรักษาผื่นคันขึ้นอยู่กับสาเหตุ หากเกิดจากภูมิแพ้ ใช้ยาแก้แพ้และยาทา หากเกิดจากเชื้อโรค ต้องใช้ยาฆ่าเชื้อร่วมด้วย และหลีกเลี่ยงสิ่งกระตุ้น', 'ตรวจสอบสาเหตุจากอาการหรือตรวจเพิ่มเติม\n\nให้ยาแก้แพ้ชนิดกินหรือชนิดทา\n\nหากมีการติดเชื้อให้ยาต้านเชื้อร่วม\n\nให้คำแนะนำการดูแลผิวและหลีกเลี่ยงสิ่งกระตุ้น\n\nติดตามผลในกรณีผื่นเป็นเรื้อรัง\n\n', 'อาการทั่วไป: 3–7 วัน  ผื่นเรื้อรัง: อาจใช้เวลาหลาย', 'ง่วง มึนหัว แห้งปาก', 'ห้ามใช้ยาสเตียรอยด์นานเกินไปโดยไม่มีแพทย์แนะนำ , ผู้มีโรคประจำตัว ควรแจ้งแพทย์ก่อนใช้ยาทุกชนิด'),
(6, 'การระบายหนองและการรักษาด้วยยา', 'การรักษาฝีขึ้นอยู่กับความรุนแรง หากฝีมีขนาดเล็กอาจใช้เพียงยาปฏิชีวนะ แต่หากฝีมีขนาดใหญ่หรือไม่ยุบ อาจต้องทำการผ่าระบายหนอง', 'ตรวจวินิจฉัยตำแหน่งและขนาดของฝี\n\nถ้าขนาดเล็ก: ให้ยาปฏิชีวนะ\n\nถ้าขนาดใหญ่หรือมีหัว: ทำความสะอาดบริเวณฝี ฉีดยาชาเฉพาะที่ แล้วเจาะระบายหนอง\n\nใส่ผ้าก๊อซในแผลเพื่อป้องกันการปิดก่อนหนองหมด\n\nติดตามผลหลังการรักษา', 'หากใช้ยาปฏิชีวนะอย่างเดียว: 5–10 วัน  หากมีการผ่าต', 'เจ็บบริเวณที่ผ่า  มีแผลเป็นหลังแผลหาย  อาจมีการติดเชื้อซ้ำหากไม่ดูแลแผลให้ดี', 'ไม่ควรผ่าโดยไม่มีแพทย์ดูแล เพราะอาจทำให้ติดเชื้อลึกหรือลุกลาม  ห้ามใช้ยาปฏิชีวนะพร่ำเพรื่อ โดยไม่มีคำแนะนำจากแพทย์'),
(7, 'รับประทานยา', 'ลมพิษมักรักษาได้ด้วยยาต้านฮีสตามีน หากลมพิษเรื้อรัง อาจต้องใช้ยากลุ่มอื่นร่วมด้วย เช่น ยาสเตียรอยด์ หรือยากดภูมิในบางกรณี', 'หาสาเหตุหรือสิ่งกระตุ้น\n\nหลีกเลี่ยงสิ่งกระตุ้น\n\nให้ยาต้านฮีสตามีนชนิดไม่ง่วง\n\nหากอาการรุนแรง อาจให้สเตียรอยด์ระยะสั้น\n\nเฝ้าระวังอาการแพ้รุนแรง\n\n', 'ลมพิษเฉียบพลัน: หายภายใน 1–3 วัน  ลมพิษเรื้อรัง: อ', 'ง่วง  ปากแห้ง  ท้องผูก  ในบางรายอาจเกิดอาการดื้อยา', 'ห้ามใช้ยากลุ่ม antihistamines ในเด็กเล็กโดยไม่มีคำแนะนำจากแพทย์  ผู้ป่วยที่มีโรคตับ/ไต ควรใช้ด้วยความระมัดระวัง'),
(8, 'รับประทานยา', 'การรักษาโรคอีสุกอีใสเน้นที่การบรรเทาอาการ เช่น ลดไข้ ลดคัน และป้องกันภาวะแทรกซ้อน ยาต้านไวรัสอย่าง Acyclovir จะช่วยลดระยะเวลาการป่วย หากเริ่มใช้เร็วใน 24–48 ชั่วโมงแรก', 'ตรวจวินิจฉัยโดยแพทย์\n\nให้ยาต้านไวรัสถ้าจำเป็น (เช่นในผู้ใหญ่หรือผู้มีโรคแทรกซ้อน)\n\nให้ยาลดไข้ เช่น Paracetamol\n\nใช้ยาทาเพื่อลดอาการคัน เช่น Calamine lotion\n\nแนะนำการดูแลตนเองและป้องกันการแพร่เชื้อ', 'ส่วนใหญ่หายภายใน 7–10 วัน  แผลอาจตกสะเก็ดและหายสนิ', 'จากยา: คลื่นไส้ ผื่น ปวดท้อง  จากการเกา: อาจเกิดแผลติดเชื้อ หรือเป็นแผลเป็น', 'ห้ามใช้ยา Acyclovir หากแพ้ยา  ห้ามใช้ยาลดไข้กลุ่มแอสไพรินในเด็ก เพราะเสี่ยงต่อ Reye’s Syndrome  ห้ามเกาตุ่ม เพราะเสี่ยงแผลติดเชื้อ'),
(9, 'รับประทานยา', 'การรักษาไข้หวัดใหญ่เน้นที่การบรรเทาอาการ และให้ยาต้านไวรัสในกรณีที่จำเป็น โดยเฉพาะในผู้ป่วยกลุ่มเสี่ยง เพื่อป้องกันภาวะแทรกซ้อน เช่น ปอดบวม', 'ตรวจวินิจฉัยโดยแพทย์จากอาการหรือการตรวจ Rapid test\n\nหากอยู่ในกลุ่มเสี่ยงหรืออาการรุนแรง อาจให้ยา Oseltamivir\n\nให้ยาลดไข้ เช่น Paracetamol\n\nพักผ่อน ดื่มน้ำมาก ๆ\n\nติดตามอาการ หากไม่ดีขึ้นภายใน 3–5 วัน ให้พบแพทย์อีกครั้ง', 'ส่วนใหญ่หายภายใน 5–7 วัน  อาการอ่อนเพลียอาจคงอยู่ ', 'ยาต้านไวรัส: คลื่นไส้ ปวดศีรษะ  ยาลดไข้: ท้องเสีย ผื่น (ในบางราย)', 'ห้ามใช้ Oseltamivir ในผู้แพ้ยา  ห้ามใช้แอสไพรินในเด็กที่ติดเชื้อไวรัส เนื่องจากเสี่ยง Reye\'s Syndrome  หลีกเลี่ยงการให้ยาปฏิชีวนะโดยไม่จำเป็น เพราะไข้หวัดใหญ่เกิดจากไวรัส ไม่ใช่แบคทีเรีย'),
(10, 'การทำความสะอาดแผลและป้องกันการติดเชื้อ รวมถึงการบรรเทาอาการอักเสบและเร่งการสมานแผล', 'เน้นการทำความสะอาดแผลอย่างถูกวิธีและใช้ยาปฏิชีวนะทาในกรณีติดเชื้อ พร้อมดูแลอาการอักเสบและป้องกันการแพร่กระจายเชื้อ', 'ล้างแผลด้วยน้ำสะอาดหรือสารละลายเกลือ\n\nใช้ครีมปฏิชีวนะตามคำแนะนำแพทย์\n\nปิดแผลด้วยผ้าก๊อซหรือผ้าพันแผลสะอาด\n\nเปลี่ยนผ้าพันแผลทุกวัน หรือเมื่อเปียกชื้น\n\nสังเกตอาการ หากมีไข้หรือแผลลุกลาม ให้พบแพทย์ทันที', 'โดยทั่วไปประมาณ 7-14 วัน ขึ้นกับความรุนแรงของแผลแล', 'ผิวหนังอาจมีอาการระคายเคืองบริเวณที่ทายา  บางรายอาจเกิดอาการแพ้ยา', 'กรณีหรือข้อควรระวังที่ไม่ควรใช้วิธีนี้ เช่น ห้ามใช้กับแผลลึก ห้ามใช้ในคนแพ้ยา'),
(11, 'การรักษาตามอาการและการดูแลเพื่อป้องกันภาวะแทรกซ้อน', 'เน้นรักษาตามอาการ โดยการลดไข้และป้องกันภาวะแทรกซ้อน เช่น การขาดน้ำ หรือเลือดออกรุนแรง', 'ตรวจวินิจฉัยโดยแพทย์\n\nให้พักผ่อนมากๆ\n\nดื่มน้ำมากๆ เพื่อป้องกันการขาดน้ำ\n\nใช้ยา Paracetamol เพื่อลดไข้และบรรเทาปวด\n\nหลีกเลี่ยงการใช้ยาแก้ปวด/ลดไข้กลุ่ม NSAIDs เช่น ไอบูโพรเฟน เพราะเสี่ยงเลือดออก\n\nเฝ้าระวังอาการเลือดออกและช็อก หากมีอาการรุนแรงให้รีบนำส่งโรงพยาบาล', 'โดยทั่วไป 7-10 วัน อาการจะดีขึ้น', 'บางรายอาจมีภาวะแทรกซ้อนเลือดออก หรือช็อกจากไข้เลือดออก', 'ห้ามใช้ยาแก้ปวดลดไข้ที่มีผลต่อเกล็ดเลือด เช่น แอสไพริน และ NSAIDs  หลีกเลี่ยงยาที่มีผลเสียต่อการแข็งตัวของเลือด'),
(12, 'การประคบร้อนและใช้ยาปฏิชีวนะทาตาเพื่อบรรเทาอาการและลดการติดเชื้อ', 'รักษาโดยการบรรเทาอาการอักเสบและติดเชื้อ ใช้วิธีประคบอุ่นและทายาปฏิชีวนะช่วยลดการติดเชื้อ', 'ใช้ผ้าชุบน้ำอุ่นประคบบริเวณกุ้งยิงวันละ 3-4 ครั้ง ครั้งละ 10-15 นาที\n\nทายา Erythromycin Eye Ointment บริเวณกุ้งยิงตามแพทย์สั่ง\n\nหลีกเลี่ยงการขยี้ตาหรือสัมผัสตาด้วยมือสกปรก\n\nรักษาความสะอาดมือและใบหน้า\n\nหากตุ่มไม่ยุบหรือมีอาการรุนแรง ควรพบแพทย์เพื่อพิจารณาผ่าตัดระบายหนอง', 'ประมาณ 5-7 วัน ขึ้นอยู่กับความรุนแรง', 'ตาแสบหรือระคายเคืองเล็กน้อยจากการใช้ยา  บางรายอาจมีการติดเชื้อซ้ำหรือกุ้งยิงเรื้อรัง', 'หลีกเลี่ยงการใช้ยาทาที่มีส่วนผสมที่แพ้  ไม่ควรบีบหรือกดตุ่มกุ้งยิงเอง เพราะเสี่ยงติดเชื้อเพิ่ม'),
(13, 'รับประทานยา', 'การใช้ยา Acyclovir เพื่อยับยั้งการเพิ่มจำนวนของไวรัสและลดอาการเจ็บปวด พร้อมดูแลรักษาความสะอาดบริเวณแผล', 'รับประทานยา Acyclovir ตามขนาดและระยะเวลาที่แพทย์กำหนด\n\nทายาเฉพาะที่บริเวณแผลถ้าจำเป็น\n\nรักษาความสะอาดและหลีกเลี่ยงการสัมผัสแผล\n\nหากมีอาการแทรกซ้อนหรืออาการไม่ดีขึ้น ให้รีบปรึกษาแพทย์', 'ประมาณ 7-10 วัน ขึ้นกับความรุนแรงของโรค', 'คลื่นไส้ ปวดศีรษะ  แผลหายช้าในบางราย  อาการแพ้ยาในบางราย', 'ไม่ควรหยุดยาก่อนครบกำหนดโดยไม่ปรึกษาแพทย์  ผู้ที่แพ้ยา Acyclovir ห้ามใช้'),
(14, 'รับประทานยา', 'ใช้ยาแก้แพ้ชนิดไม่ง่วงเพื่อลดอาการแพ้ในจมูกและตา พร้อมควบคุมสภาพแวดล้อมเพื่อลดสารก่อภูมิแพ้', 'รับประทานยา Loratadine วันละ 1 ครั้งตามคำแนะนำ\n\nใช้น้ำเกลือล้างจมูกบ่อย ๆ\n\nหลีกเลี่ยงสิ่งที่กระตุ้นอาการแพ้\n\nหากอาการรุนแรงหรือเรื้อรัง ควรพบแพทย์เพื่อรับการรักษาเพิ่มเติม', 'ตามอาการ อาจใช้ได้หลายสัปดาห์ถึงหลายเดือน ', 'ง่วงนอนเล็กน้อย  ปากแห้ง  ปวดศีรษะบางราย', 'ห้ามใช้ยานี้ในผู้ที่แพ้ยา  หลีกเลี่ยงการใช้ร่วมกับยาอื่นโดยไม่ปรึกษาแพทย์'),
(15, 'รับประทานยา', 'รักษาตามอาการเพื่อบรรเทาอาการปวดและไข้ ยังไม่มีการรักษาเฉพาะเจาะจงสำหรับไวรัสคางทูม', 'รับประทานยา Paracetamol เพื่อบรรเทาไข้และปวด\n\nประคบเย็นบริเวณต่อมน้ำลายที่บวม\n\nดื่มน้ำมาก ๆ และพักผ่อนให้เพียงพอ\n\nแยกผู้ป่วยเพื่อป้องกันการแพร่เชื้อ', 'อาการมักดีขึ้นภายใน 7-10 วัน', 'ผลข้างเคียงจากยา Paracetamol ตามที่กล่าวข้างต้น  อาการบวมอาจใช้เวลานานกว่าจะลดลง', 'หลีกเลี่ยงการใช้ยาเกินขนาดหรือใช้ยาเกินระยะเวลาที่กำหนด  หลีกเลี่ยงการสัมผัสใกล้ชิดผู้อื่นจนกว่าจะหายสนิท'),
(16, 'รับประทานยา', 'การรักษาเน้นที่การลดอาการอักเสบ บรรเทาอาการเจ็บคอ และฆ่าเชื้อแบคทีเรีย', 'ให้ผู้ป่วยพักผ่อน ดื่มน้ำมาก ๆ\n\nกลั้วคอด้วยน้ำเกลืออุ่น\n\nใช้ยาแก้ปวด เช่น Paracetamol เพื่อลดไข้\n\nหากพบการติดเชื้อแบคทีเรีย ใช้ยาปฏิชีวนะตามแพทย์สั่ง (เช่น Amoxicillin)\n\nในรายที่เป็นบ่อยและรุนแรง แพทย์อาจพิจารณาผ่าตัดต่อมทอนซิลออก', 'อาการมักดีขึ้นภายใน 7-10 วัน  หากใช้ยาปฏิชีวนะ ให้', 'อาการแพ้ยา  ท้องเสียจากยาปฏิชีวนะ  การดื้อยา หากไม่รับประทานยาจนครบคอร์ส', 'ห้ามใช้ยาปฏิชีวนะโดยไม่มีใบสั่งแพทย์  หลีกเลี่ยงการใช้ยาในผู้แพ้ยา  ห้ามหยุดยาเองกลางคัน'),
(17, 'การรักษาโดยใช้ยาและดูแลตนเองเพื่อลดการอักเสบและบรรเทาอาการ', 'การรักษามีเป้าหมายเพื่อระบายของเหลวในโพรงไซนัส ลดอักเสบ และควบคุมการติดเชื้อ', 'ดูแลตนเอง\n\nดื่มน้ำมาก ๆ\n\nสูดไอน้ำอุ่นเพื่อลดการอุดตัน\n\nประคบร้อนบริเวณใบหน้า\n\nใช้ยา\n\nสเปรย์พ่นจมูกชนิดลดการอักเสบ เช่น corticosteroids\n\nยาลดบวมจมูก\n\nยาปฏิชีวนะ (หากติดเชื้อแบคทีเรีย) เช่น Amoxicillin/Clavulanic\n\nยาแก้ปวด เช่น Paracetamol หรือ Ibuprofen\n\nในรายเรื้อรัง\n\nอาจต้องใช้การล้างโพรงจมูกด้วยน้ำเกลือ\n\nพิจารณาการผ่าตัดเปิดโพรงไซนัส (Functional Endoscopic Sinus Surgery: FESS)', 'แบบเฉียบพลัน: 7-14 วัน  แบบเรื้อรัง: อาจใช้เวลาหลา', 'ท้องเสียจากยาปฏิชีวนะ  ระคายเคืองจมูกจากสเปรย์  ภาวะดื้อยา หากใช้ยาผิดวิธี', 'ห้ามใช้ยาพ่นจมูกเกินระยะเวลาที่แพทย์แนะนำ  หลีกเลี่ยงการใช้ยาปฏิชีวนะหากไม่จำเป็น  ห้ามผ่าตัดหากยังสามารถควบคุมอาการได้ด้วยยา'),
(18, 'น้ำยาบ้วนปาก', 'การรักษามุ่งเน้นที่การกำจัดคราบพลัคและหินปูน และลดแบคทีเรียในช่องปาก', 'ขูดหินปูน กับทันตแพทย์\n\nใช้ยาบ้วนปาก Chlorhexidine เพื่อลดแบคทีเรีย\n\nดูแลช่องปากที่บ้าน\n\nแปรงฟันอย่างสม่ำเสมอ\n\nใช้ไหมขัดฟัน\n\nติดตามอาการ กับทันตแพทย์เป็นระยะ\n\nกรณีเรื้อรัง อาจพิจารณาการรักษาโรคปริทันต์ขั้นสูง', 'อาการมักดีขึ้นภายใน 7-14 วัน หากดูแลอย่างเหมาะสม  ', 'เจ็บขณะแปรงฟันหรือตอนขูดหินปูน  ระคายเคืองจากน้ำยาบ้วนปาก  สีฟันเปลี่ยนจากน้ำยาบ้วนปาก', 'ห้ามใช้ Chlorhexidine ติดต่อกันเกิน 2 สัปดาห์ โดยไม่อยู่ในความดูแลของแพทย์  หลีกเลี่ยงการแปรงฟันรุนแรงหรือใช้ยาสีฟันมีฤทธิ์กัดกร่อนสูง'),
(19, 'รับประทานยา', 'การรักษาขึ้นอยู่กับชนิดของคอพอก ได้แก่ การใช้ยา การผ่าตัด หรือการรักษาด้วยสารกัมมันตรังสี', 'ตรวจวัดฮอร์โมนไทรอยด์ (TSH, FT3, FT4)\n\nทำอัลตราซาวด์ต่อมไทรอยด์\n\nหากเป็นคอพอกจากไทรอยด์เป็นพิษ → ให้ยา Methimazole\n\nหากเป็นคอพอกโตมากหรือก้อนน่าสงสัย → อาจพิจารณาผ่าตัด\n\nคอพอกจากไอโอดีนต่ำ → ให้ไอโอดีนเสริม\n\nติดตามอาการทุก 3-6 เดือน', 'รักษาด้วยยาอาจใช้เวลาหลายเดือนถึงปี  หากผ่าตัดหรือ', 'ผลข้างเคียงจากยา Methimazole ดังที่กล่าว  การผ่าตัดอาจทำให้เสียงแหบ หรือภาวะแคลเซียมต่ำ  รังสีไอโอดีนอาจทำให้ไทรอยด์ทำงานต่ำในระยะยาว', 'หญิงตั้งครรภ์ควรหลีกเลี่ยงการใช้ Methimazole ในช่วงไตรมาสแรก  ห้ามใช้สารกัมมันตรังสีในหญิงตั้งครรภ์และให้นมบุตร'),
(20, 'การปรับพฤติกรรม + การใช้ยา', 'รักษาด้วยการปรับพฤติกรรมร่วมกับการใช้ยาเพิ่มความดันโลหิตในกรณีที่อาการรุนแรงหรือไม่ตอบสนองต่อการดูแลทั่วไป', 'ตรวจวัดความดันโลหิตในท่าต่างๆ (นอน/นั่ง/ยืน)\n\nดื่มน้ำมากๆ เพิ่มปริมาณเกลือในอาหาร (ตามแพทย์แนะนำ)\n\nหลีกเลี่ยงการยืนหรือนั่งนานๆ\n\nใช้ยา Midodrine หากแพทย์เห็นว่าจำเป็น\n\nติดตามอาการและความดันโลหิตอย่างสม่ำเสมอ', 'อาการเฉียบพลันอาจดีขึ้นใน 1-2 วัน  ในกรณีเรื้อรัง ', 'ปัสสาวะบ่อย  ปวดศีรษะ  ความดันสูงเกินในบางช่วง', 'ผู้ที่มีความดันโลหิตปกติหรือสูง  ห้ามใช้ยาโดยไม่ปรึกษาแพทย์ เพราะอาจเกิดภาวะความดันสูงเกินได้'),
(21, 'การดูแลตนเอง + ใช้น้ำตาเทียม', 'ไม่จำเป็นต้องรักษาเป็นพิเศษ ส่วนใหญ่หายได้เองใน 1-2 สัปดาห์', 'พักผ่อนให้เพียงพอ\n\nหลีกเลี่ยงการขยี้ตาหรือกระทบกระเทือนตา\n\nหยอดน้ำตาเทียมเพื่อบรรเทาอาการแสบหรือเคือง\n\nตรวจความดันโลหิต หากเป็นบ่อย\n\nพบแพทย์หากเลือดกระจายเป็นบริเวณกว้างหรือไม่ดีขึ้นใน 2 สัปดาห์', '7-14 วัน โดยไม่ต้องใช้ยาเฉพาะ', 'โดยทั่วไปไม่มี แต่หากใช้ยาหยอดตามากเกิน อาจทำให้ระคายเคืองตาได้', 'ห้ามใช้ยาหยอดตาที่มีสเตียรอยด์โดยไม่ปรึกษาแพทย์  ห้ามขยี้ตาแรงๆ หรือใช้ยาที่ไม่เหมาะสม'),
(22, 'การชดเชยน้ำและเกลือแร่ + การใช้ยา', 'รักษาโดยลดการถ่ายเหลว เพิ่มการดูดซึมน้ำกลับเข้าสู่ร่างกาย และทดแทนน้ำ-เกลือแร่ที่สูญเสีย', 'ดื่ม ORS (สารละลายน้ำตาลเกลือแร่) บ่อย ๆ\n\nรับประทานยา Loperamide หากไม่พบอาการติดเชื้อรุนแรง\n\nหลีกเลี่ยงอาหารรสจัด อาหารมัน หรือย่อยยาก\n\nรับประทานอาหารอ่อน ย่อยง่าย เช่น โจ๊ก กล้วย\n\nหากมีอาการรุนแรงหรือถ่ายเป็นเลือด ควรพบแพทย์', '1–3 วันสำหรับอาการเบา 5–7 วันสำหรับอาการติดเชื้อที', 'ท้องผูก  แน่นท้อง  ปากแห้งจากการขาดน้ำ หากไม่ดื่มน้ำเพียงพอ', 'ห้ามใช้ยา Loperamide หากสงสัยว่ามีเชื้อโรค เช่น ถ่ายเป็นมูกเลือด  ห้ามดื่มน้ำเย็นจัด หรือของหมักดองในช่วงฟื้นตัว'),
(23, 'รับประทานยา', 'รักษาที่ต้นเหตุโดยใช้ยาปฏิชีวนะฆ่าเชื้อ ควบคู่กับการให้เกลือแร่ทดแทนของเหลวในร่างกาย และการรับประทานอาหารอ่อน', 'ดื่ม ORS ทุกครั้งหลังถ่าย\n\nรับประทานยา Metronidazole ตามแพทย์สั่ง\n\nพักผ่อนให้เพียงพอ\n\nรับประทานอาหารอ่อน ย่อยง่าย งดอาหารรสจัด\n\nหลีกเลี่ยงการใช้ยาหยุดถ่ายในช่วงแรก เพื่อขับเชื้อออก', '5–7 วัน หากรักษาด้วยยาปฏิชีวนะอย่างถูกต้อง', 'คลื่นไส้ มึนหัว  ปากแห้ง  อ่อนเพลีย  ปัสสาวะเปลี่ยนสี', 'ห้ามดื่มแอลกอฮอล์ร่วมกับการใช้ Metronidazole  ห้ามหยุดยาก่อนกำหนดแม้อาการจะดีขึ้น  ผู้มีโรคตับหรือโรคไตควรปรึกษาแพทย์ก่อนใช้'),
(24, 'ประเมินสาเหตุ + แก้ไขตามสาเหตุ', 'รักษาตามสาเหตุ เช่น ถ้าเกิดจากความเครียดให้ปรับพฤติกรรม ถ้าเกิดจากหัวใจเต้นผิดจังหวะอาจให้ยาควบคุมจังหวะหัวใจ หรือส่งต่อแพทย์เฉพาะทางหัวใจ', 'ซักประวัติและตรวจร่างกาย\n\nตรวจคลื่นไฟฟ้าหัวใจ (EKG)\n\nหากจำเป็นอาจทำ Echo หรือใส่ Holter Monitor\n\nให้ยา Propranolol หากหัวใจเต้นเร็ว\n\nปรับพฤติกรรม เช่น ลดคาเฟอีน นอนพักให้พอ\n\nติดตามอาการ', 'หากเกิดจากความเครียดหรือชั่วคราว อาการจะดีขึ้นภายใ', 'ความดันต่ำ  หัวใจเต้นช้า  เหนื่อยง่าย', 'ผู้ที่แพ้ยากลุ่ม Beta-blocker  ผู้ที่มีภาวะหัวใจล้มเหลวหรือความดันต่ำรุนแรง  ผู้ป่วยโรคหอบหืดขั้นรุนแรง'),
(25, 'รับประทานยา', 'รักษาโดยการให้ยาฆ่าพยาธิ เพื่อทำให้พยาธิตายและถูกขับออกจากลำไส้', 'วินิจฉัยจากประวัติการกินอาหารและตรวจอุจจาระ\n\nสั่งยาฆ่าพยาธิ เช่น Niclosamide หรือ Praziquantel\n\nให้คำแนะนำเรื่องการรักษาความสะอาด\n\nติดตามผลโดยการตรวจอุจจาระอีกครั้งหลังรักษา', 'ยาฆ่าพยาธิมักใช้ ครั้งเดียว หรือในบางรายอาจต้องกิน', 'อาการจากการตายของพยาธิอาจทำให้ท้องเสีย  คลื่นไส้หรืออาเจียนเล็กน้อย', 'หญิงตั้งครรภ์ในไตรมาสแรก  เด็กเล็กอายุต่ำกว่า 2 ปีควรได้รับการดูแลพิเศษจากแพทย์'),
(26, 'รับประทานยา', 'ให้ยาฆ่าพยาธิเพื่อกำจัดพยาธิและไข่ในลำไส้ พร้อมรักษาความสะอาดเพื่อป้องกันการติดเชื้อซ้ำ', 'รับประทานยา Mebendazole ครั้งแรก 1 เม็ด (100 mg)\n\nรับประทานซ้ำอีกครั้งหลัง 2 สัปดาห์ เพื่อกำจัดไข่พยาธิที่อาจฟักออกมาใหม่\n\nรักษาความสะอาดมือและของใช้ส่วนตัว\n\nซักผ้าปูที่นอนและชุดชั้นในในน้ำร้อน', 'ทานยาสองครั้ง ห่างกัน 2 สัปดาห์  การรักษาจะเห็นผลภ', 'คลื่นไส้  ปวดท้อง  อาการแพ้ยาในบางราย', 'หญิงตั้งครรภ์ควรปรึกษาแพทย์ก่อนใช้ยา  เด็กเล็กควรใช้ยาภายใต้การดูแลของแพทย์'),
(27, 'การใช้ยาปฏิชีวนะฆ่าเชื้อแบคทีเรีย', 'ใช้ยาปฏิชีวนะกำจัดเชื้อแบคทีเรีย ร่วมกับการดูแลสุขอนามัยที่ดีเพื่อป้องกันการติดเชื้อซ้ำ', 'รับประทาน Nitrofurantoin ตามแพทย์สั่ง โดยปกติ 100 mg วันละ 2-4 ครั้ง\n\nดื่มน้ำมาก ๆ เพื่อช่วยล้างทางเดินปัสสาวะ\n\nหลีกเลี่ยงการกลั้นปัสสาวะ\n\nรักษาความสะอาดบริเวณอวัยวะเพศ\n\nหากอาการไม่ดีขึ้นหรือมีไข้สูง ควรไปพบแพทย์', 'ปกติ 5-7 วัน ขึ้นกับความรุนแรงของโรค', 'คลื่นไส้  ปวดศีรษะ  ปวดท้อง  อาการแพ้ยาในบางราย', 'หญิงตั้งครรภ์ควรปรึกษาแพทย์ก่อนใช้ยา  ผู้ที่มีโรคไตควรได้รับคำแนะนำจากแพทย์'),
(28, 'รับประทานยา', 'ใช้ยาปฏิชีวนะรักษาโรคติดเชื้อแบคทีเรียในโรคติดต่อทางเพศสัมพันธ์ พร้อมดูแลอาการและป้องกันการแพร่เชื้อ', 'รับประทาน Azithromycin ครั้งเดียว 1,000 mg หรือ 500 mg ตามคำแนะนำแพทย์\n\nหลีกเลี่ยงการมีเพศสัมพันธ์จนกว่าจะรักษาหาย\n\nให้คู่รักตรวจและรักษาพร้อมกันเพื่อลดการติดซ้ำ\n\nปฏิบัติตามคำแนะนำของแพทย์อย่างเคร่งครัด', 'ปกติ 1-7 วัน ขึ้นกับชนิดของโรคและการรักษา', 'คลื่นไส้  ปวดท้อง  ผื่นแพ้  ในบางรายอาจมีอาการรุนแรงของแพ้ยา', 'ไม่ควรใช้ยาเองโดยไม่ได้รับคำแนะนำจากแพทย์  หลีกเลี่ยงการมีเพศสัมพันธ์ก่อนรักษาหายขาด'),
(29, 'รับประทานยา', 'รักษาด้วยยาเพื่อลดกรดยูริก ลดการอักเสบ และบรรเทาอาการปวด', 'ใช้ยาแก้ปวดและลดการอักเสบ เช่น NSAIDs หรือคอร์ติโคสเตียรอยด์\n\nรับประทาน Allopurinol เพื่อควบคุมระดับกรดยูริกตามแพทย์สั่ง\n\nปรับพฤติกรรม เช่น ควบคุมอาหาร ดื่มน้ำมาก ๆ\n\nตรวจติดตามระดับกรดยูริกในเลือดอย่างสม่ำเสมอ', 'รักษาต่อเนื่องเป็นระยะเวลานานเพื่อป้องกันการกำเริบ', 'ปวดท้อง  ผื่นแพ้  ปัญหาไตหรือตับในบางราย', 'หลีกเลี่ยงการใช้ยาตามคำแนะนำแพทย์เท่านั้น  ไม่ควรหยุดยากะทันหันหากไม่ได้รับคำแนะนำจากแพทย์'),
(30, 'ทาครีมรักษา', 'รักษาโดยการลดอาการอักเสบและบรรเทาอาการเจ็บปวด พร้อมปรับพฤติกรรมเพื่อป้องกันการกำเริบ', 'ใช้ยาทาเพื่อลดการอักเสบและบรรเทาอาการคัน\n\nประคบด้วยน้ำอุ่นเพื่อบรรเทาอาการเจ็บ\n\nปรับพฤติกรรมการกินและการขับถ่าย\n\nกรณีรุนแรงอาจต้องรักษาด้วยวิธีทางการแพทย์ เช่น การผ่าตัด', 'อาการดีขึ้นใน 1-2 สัปดาห์ แต่บางรายต้องรักษานานกว่', 'ผิวหนังบางลงเมื่อใช้ยาเป็นเวลานาน  อาการระคายเคืองบริเวณที่ใช้ยา', 'หลีกเลี่ยงการใช้ยาทานานเกินคำแนะนำ  ไม่ควรใช้ในกรณีติดเชื้อโดยไม่ได้รับคำแนะนำแพทย์'),
(31, 'รับประทานยา', 'รักษาตามสาเหตุหลัก เช่น การใช้ยาฆ่าเชื้อ การปรับอาหาร และการดูแลอาการ', 'รักษาความสะอาดและพักผ่อนให้เพียงพอ\n\nใช้ยา Metronidazole หรือยาตามแพทย์สั่ง\n\nดื่มน้ำมาก ๆ เพื่อป้องกันภาวะขาดน้ำ\n\nหลีกเลี่ยงอาหารที่ย่อยยากหรือกระตุ้นลำไส้\n\nพบแพทย์ติดตามอาการ หากเลือดออกมากหรือมีไข้สูง', 'ประมาณ 7-14 วัน ขึ้นอยู่กับสาเหตุและความรุนแรง', 'คลื่นไส้ ปวดศีรษะ รสชาติเปลี่ยนในปาก  หากมีอาการแพ้ยา ต้องหยุดยาและพบแพทย์', 'หลีกเลี่ยงใช้ยาเองโดยไม่ได้รับคำแนะนำจากแพทย์  ไม่ควรใช้ยาปฏิชีวนะหากไม่ได้รับการวินิจฉัยที่แน่นอน'),
(32, 'การปฐมพยาบาล', 'การปฐมพยาบาลเบื้องต้นมุ่งเน้นการควบคุมเลือดออก ป้องกันการติดเชื้อ และลดความเจ็บปวด พร้อมทั้งดูแลไม่ให้เกิดภาวะแทรกซ้อน เช่น ช็อกหรือบาดเจ็บทางระบบประสาท', 'ประเมินสติและการหายใจของผู้บาดเจ็บ\n\nหยุดเลือดโดยการกดแผลด้วยผ้าสะอาด\n\nทำความสะอาดแผลด้วยน้ำสะอาด หลีกเลี่ยงการใช้น้ำยาฆ่าเชื้อแรงๆ ที่ทำให้แผลระคายเคือง\n\nป้องกันการช็อกโดยให้ผู้บาดเจ็บนอนราบและยกขาสูง (ถ้าไม่มีบาดเจ็บกระดูกสันหลัง)\n\nประคบเย็นเพื่อลดอาการบวมและปวด\n\nใช้ยาแก้ปวด เช่น Paracetamol ตามคำแนะนำ\n\nหากสงสัยบาดเจ็บกระดูกหรือศีรษะ หลีกเลี่ยงการเคลื่อนย้ายและรีบเรียกหน่วยกู้ภัย\n\nหากจำเป็นต้องเคลื่อนย้าย ให้ใช้วิธีล็อกศีรษะและลำตัวอย่างถูกต้อง\n\n', 'ขึ้นอยู่กับความรุนแรงของอาการ บาดแผลเล็กน้อยอาจหาย', 'อาการบวม ฟกช้ำ อาจกินเวลานาน  อาการปวดหรือเจ็บในบางจุดอาจคงอยู่ชั่วคราว  ความเสี่ยงติดเชื้อในแผลถ้าไม่ดูแลแผลอย่างถูกวิธี', 'หลีกเลี่ยงการเคลื่อนย้ายผู้บาดเจ็บที่สงสัยว่ามีอาการกระดูกสันหลังหักโดยไม่ชำนาญ  ห้ามใช้ยาที่ไม่ได้รับคำแนะนำจากแพทย์  ห้ามบีบหรือกดแผลแรง ๆ ที่อาจทำให้แผลแย่ลง'),
(33, 'การปฐมพยาบาล', 'การรักษาขึ้นอยู่กับอาการบาดเจ็บ โดยเริ่มจากการประเมินอาการ ปฐมพยาบาลเบื้องต้น และส่งโรงพยาบาลหากรุนแรง', 'ห้ามเคลื่อนย้ายผู้ป่วยหากสงสัยกระดูกหักหรือกระดูกสันหลัง\n\nตรวจชีพจร และระดับการรู้สึกตัว\n\nห้ามเลือด หากมีเลือดออก\n\nประคบเย็นหากบวม\n\nให้ยาบรรเทาปวดหากไม่มีข้อห้าม\n\nรีบนำส่งโรงพยาบาล', 'ขึ้นอยู่กับความรุนแรงของการบาดเจ็บ  แผลเล็กน้อยอาจ', 'ปวดเรื้อรังจากการบาดเจ็บ  ข้อติด ยึด หรือการเคลื่อนไหวจำกัด  ภาวะซึมเศร้าหลังอุบัติเหตุ', 'ห้ามเคลื่อนย้ายผู้บาดเจ็บหากสงสัยกระดูกคอหรือกระดูกสันหลังหัก  ห้ามให้ผู้ป่วยดื่มน้ำหากหมดสติหรือมีอาการทางสมอง'),
(34, 'การปฐมพยาบาล', 'การรักษาขึ้นอยู่กับความรุนแรงของการบาดเจ็บ โดยเริ่มจากการปฐมพยาบาลเบื้องต้น (หลัก R.I.C.E) และรักษาเพิ่มเติมตามอาการ เช่น กายภาพบำบัด หรือผ่าตัดในรายที่รุนแรง', 'พักการใช้งาน (Rest)\n\nประคบเย็นเพื่อลดบวม (Ice)\n\nพันผ้ายืดเพื่อพยุง (Compression)\n\nยกสูงเพื่อช่วยลดบวม (Elevation)\n\nรับประทานยาบรรเทาอาการปวด/อักเสบ\n\nหากอาการไม่ดีขึ้น ควรพบแพทย์', 'อาการเล็กน้อย: 3–7 วัน  อาการรุนแรง: หลายสัปดาห์ถึ', 'ปวดเรื้อรัง  กล้ามเนื้ออ่อนแรง  ข้อติดหรือตึง  เสี่ยงต่อการบาดเจ็บซ้ำหากไม่ฟื้นตัวเต็มที่', 'ห้ามใช้ความร้อนใน 48 ชั่วโมงแรก  ห้ามเคลื่อนไหวอวัยวะที่บาดเจ็บรุนแรง  ห้ามนวดหรือกดจุดหากสงสัยกล้ามเนื้อฉีก'),
(35, 'การปฐมพยาบาล', 'การนำก้างปลาออกโดยวิธีที่ปลอดภัย หากมองเห็นได้อาจใช้คีมพิเศษดึงออก หากไม่เห็น อาจต้องใช้กล้องตรวจภายในโดยแพทย์ หรือเอกซเรย์เพื่อระบุตำแหน่ง', 'ตรวจบริเวณลำคอโดยใช้ไฟฉายหรือเครื่องมือแพทย์\n\nหากเห็นก้าง: ใช้คีมปลอดเชื้อคีบออกอย่างระมัดระวัง\n\nหากไม่เห็นก้าง: ส่งต่อให้ ENT ใช้กล้องตรวจหรือเอกซเรย์\n\nอาจให้ยาแก้แพ้หรือยาแก้อักเสบหากมีอาการบวม\n\nแนะนำงดของแข็ง/เผ็ด/ร้อน จนกว่าอาการจะหายดี', 'หากเอาก้างออกสำเร็จ อาการดีขึ้นภายใน 1–2 วัน หากมี', 'เจ็บคอจากบาดแผล  อักเสบติดเชื้อหากมีแผล  ความเครียดหรือกลัวการกลืนอาหารในอนาคต', 'ห้ามพยายามกลืนข้าวเหนียวหรือกล้วยเพื่อดันก้างออก  ห้ามใช้มือหรือของแข็งแคะออกเอง อาจทำให้แผลลึกหรือก้างจมลง'),
(36, 'การปฐมพยาบาล', 'รักษาด้วยการทำความสะอาดแผล ห้ามเลือด และป้องกันการติดเชื้อ รวมถึงการเย็บแผลหากจำเป็น', 'ห้ามเลือดด้วยผ้ากดแผล\n\nล้างแผลด้วยน้ำเกลือหรือสบู่อ่อน\n\nใส่ยาฆ่าเชื้อและปิดแผลด้วยผ้าก๊อซปลอดเชื้อ\n\nหากแผลลึกหรือขอบแผลแยก อาจต้องเย็บแผล\n\nให้ยาปฏิชีวนะหากเสี่ยงติดเชื้อ\n\nพิจารณาฉีดวัคซีนบาดทะยัก หากยังไม่เคยฉีดหรือฉีดนานแล้ว\n\n', 'แผลตื้น: 3–5 วัน  แผลลึกหรือเย็บ: 7–14 วัน  แผลติด', 'แผลเป็น  ติดเชื้อบวมแดง หนอง  การอักเสบของเนื้อเยื่อรอบแผล', 'ห้ามใช้แอลกอฮอล์แรงๆ ล้างแผลสด  ห้ามใช้ผ้าสกปรกหรือของมีคมแคะแผล  ห้ามปล่อยให้แผลลึกหรือใหญ่โดยไม่พบแพทย์'),
(37, 'การรักษาตามอาการและป้องกันการติดเชื้อซ้ำ', 'อีสุกอีใสเป็นโรคติดเชื้อไวรัสที่เกิดจากไวรัส Varicella-Zoster การรักษามุ่งเน้นบรรเทาอาการ คัน และป้องกันการติดเชื้อแบคทีเรียซ้ำ โดยใช้ยาตามอาการและยาต้านไวรัสในบางกรณี', '	1. แยกผู้ป่วยเพื่อป้องกันการแพร่เชื้อ\n2. รักษาอาการไข้ด้วยพาราเซตามอล\n3. ใช้ยาทาผิวเพื่อบรรเทาอาการคัน เช่น โลชั่นคาลาไมน์\n4. หลีกเลี่ยงการเกาหรือบีบตุ่มน้ำ\n5. ในกรณีที่มีความเสี่ยงหรือติดเชื้อรุนแรง ใช้ยาต้านไวรัส เช่น Aciclovir\n6. ดูแลความสะอาดผิวและล้างมือบ่อย ๆ\n7. ติดตามอาการและพบแพทย์ถ้าอาการแย่ลง', 'โดยทั่วไป 7–10 วัน จนตุ่มน้ำแห้งและตกสะเก็ด', 'อาการคันและระคายเคืองผิวหนัง ผลข้างเคียงจากยาต้านไวรัส เช่น คลื่นไส้ ปวดหัว', 'ห้ามใช้แอสไพรินในเด็กที่มีอีสุกอีใส (เสี่ยงโรคเรย์)  หลีกเลี่ยงยาที่ทำให้ภูมิคุ้มกันลดลงโดยไม่จำเป็น'),
(38, 'การหลีกเลี่ยงสารก่อภูมิแพ้และใช้ยาเพื่อลดอาการคัดจมูกและอาการแพ้', 'คัดจมูกแพ้อากาศเกิดจากการแพ้สารก่อภูมิแพ้ในอากาศ การรักษาจะเน้นลดอาการโดยการใช้ยาต้านฮิสตามีน ยาพ่นจมูกสเตียรอยด์ และปรับพฤติกรรมหลีกเลี่ยงสารก่อภูมิแพ้', '1. หลีกเลี่ยงสารก่อภูมิแพ้ เช่น ฝุ่น ควัน ละอองเกสรดอกไม้\n2. ใช้ยาต้านฮิสตามีนชนิดเม็ดหรือน้ำเชื่อม\n3. ใช้ยาพ่นจมูกสเตียรอยด์ตามคำแนะนำแพทย์\n4. ล้างจมูกด้วยน้ำเกลือล้างจมูกเพื่อช่วยลดอาการ\n5. พบแพทย์หากอาการไม่ดีขึ้นหรือลุกลาม', 'หลายสัปดาห์ถึงหลายเดือน ขึ้นกับความรุนแรงของอาการแ', 'แสบจมูก แสบคอ ปากแห้ง อาการง่วงนอนจากยาต้านฮิสตามีนบางชนิด', 'หลีกเลี่ยงการใช้ยาพ่นจมูกสเตียรอยด์เกินขนาดและใช้ยาต้านฮิสตามีนโดยไม่ปรึกษาแพทย์'),
(39, 'การรักษาตามอาการและการดูแลประคับประคอง', 'คางทูมเกิดจากการติดเชื้อไวรัส mumps virus ซึ่งไม่มีการรักษาโดยตรงด้วยยาต้านไวรัส การรักษาจึงมุ่งเน้นบรรเทาอาการ เช่น ลดไข้ ปวด และดูแลให้ผู้ป่วยพักผ่อนอย่างเพียงพอ', '1. รับประทานยาลดไข้และยาแก้ปวด เช่น พาราเซตามอลหรือไอบูโพรเฟน\n2. ประคบอุ่นบริเวณที่บวมเพื่อบรรเทาอาการเจ็บ\n3. รับประทานอาหารอ่อน หลีกเลี่ยงอาหารที่เคี้ยวยาก\n4. พักผ่อนให้เพียงพอ\n5. หลีกเลี่ยงการสัมผัสกับผู้อื่นเพื่อลดการแพร่เชื้อ\n6. พบแพทย์หากมีอาการรุนแรง เช่น ปวดศีรษะรุนแรง หรือบวมต่อมน้ำเหลืองบริเวณอื่น', 'ประมาณ 7–10 วัน', 'ไม่มีผลข้างเคียงจากการรักษาโดยตรง แต่ยาแก้ปวดอาจมีผลข้างเคียงเล็กน้อยตามชนิดยา', 'หลีกเลี่ยงการใช้ยาโดยไม่ปรึกษาแพทย์ และห้ามใช้ยาต้านไวรัสโดยไม่ได้รับคำแนะนำ');

-- --------------------------------------------------------

--
-- Table structure for table `videoarticles`
--

CREATE TABLE `videoarticles` (
  `VideoArticleID` int(11) NOT NULL,
  `AdminID` int(11) NOT NULL,
  `ImageID` int(11) NOT NULL,
  `VideoID` int(11) NOT NULL,
  `Title` varchar(191) NOT NULL,
  `Description` varchar(191) NOT NULL,
  `Views` int(11) NOT NULL,
  `CreatedAt` timestamp NOT NULL DEFAULT current_timestamp(),
  `UpdatedAt` datetime(3) NOT NULL,
  `isActive` tinyint(1) NOT NULL
) ENGINE=InnoDB DEFAULT CHARSET=utf8mb4 COLLATE=utf8mb4_unicode_ci;

--
-- Dumping data for table `videoarticles`
--

INSERT INTO `videoarticles` (`VideoArticleID`, `AdminID`, `ImageID`, `VideoID`, `Title`, `Description`, `Views`, `CreatedAt`, `UpdatedAt`, `isActive`) VALUES
(1, 1, 2, 2, 'การรับมือกับโรคโควิด', 'โควิด-19 (COVID-19) ย่อมาจาก Coronavirus Disease 2019 เป็นโรคติดเชื้อไวรัสโคโรนา สายพันธุ์ใหม่ชื่อ SARS-CoV-2 ซึ่งเริ่มระบาดครั้งแรกในเมืองอู่ฮั่น ประเทศจีน เมื่อปลายปี 2019\n', 55, '2025-06-12 15:51:48', '2025-06-21 13:40:10.528', 1),
(2, 1, 38, 5, 'การแก้ปัญหาการนอนหลับ', '\"การแก้ปัญหาการนอนหลับ\" คือกระบวนการหรือวิธีการที่ช่วยให้บุคคลสามารถนอนหลับได้อย่างมีคุณภาพมากขึ้น โดยอาจประกอบด้วยการปรับเปลี่ยนพฤติกรรมก่อนนอน การใช้เทคนิคผ่อนคลาย เช่น การหายใจลึกๆ การทำสม', 16, '2025-06-13 06:05:20', '2025-06-18 06:24:38.943', 1),
(3, 2, 39, 6, 'การรับมือความเครียดทางจิตใจ', '\"ความเครียดทางจิตใจ\" คือภาวะที่จิตใจรู้สึกกดดัน วุ่นวาย หรือไม่สบายใจ อันเกิดจากสถานการณ์ต่างๆ ที่กระทบต่ออารมณ์และความคิด ซึ่งหากไม่ได้รับการดูแล อาจนำไปสู่ปัญหาทางสุขภาพจิตในระยะยาว', 8, '2025-06-13 06:06:17', '2025-06-21 13:45:07.265', 1),
(4, 2, 40, 7, 'การปฐมพยาบาลด้วยผ้าพันแผล', '\"การปฐมพยาบาลด้วยผ้าพันแผล\" คือการใช้ผ้าพันแผลพันรอบบาดแผลหรือบริเวณที่บาดเจ็บ เพื่อช่วยหยุดเลือด ป้องกันสิ่งสกปรกเข้าสู่แผล และช่วยยึดวัสดุปิดแผลให้อยู่กับที่อย่างมั่นคง โดยอาจใช้ร่วมกับสำลี', 4, '2025-06-13 06:06:57', '2025-06-17 10:28:49.350', 1),
(5, 2, 41, 8, 'การเลือกใช้ยาสามัญประจำบ้าน', '\"การเลือกใช้ยาสามัญประจำบ้าน\" คือกระบวนการตัดสินใจในการใช้ยาเบื้องต้นที่เก็บไว้ในบ้าน เพื่อรักษาอาการเจ็บป่วยเล็กน้อยที่ไม่รุนแรง เช่น ยาแก้ปวดลดไข้ ยาแก้แพ้ ยาแก้ท้องเสีย ยาทาแก้แมลงกัดต่อย ', 6, '2025-06-13 06:08:02', '2025-06-21 12:22:15.518', 1),
(6, 2, 42, 9, 'อาหารช่วยการนอนหลับ ผ่อนคลายสมอง', '\"อาหารช่วยการนอนหลับและผ่อนคลายสมอง\" คือกลุ่มของอาหารที่มีส่วนประกอบทางโภชนาการที่ช่วยให้ระบบประสาททำงานสมดุล ลดความตึงเครียด และส่งเสริมให้หลับได้ง่ายขึ้น เช่น อาหารที่อุดมไปด้วยแมกนีเซียม ท', 4, '2025-06-13 06:13:20', '2025-06-14 10:53:32.535', 1);

-- --------------------------------------------------------

--
-- Table structure for table `videolibrary`
--

CREATE TABLE `videolibrary` (
  `VideoID` int(11) NOT NULL,
  `VideoName` varchar(255) NOT NULL,
  `VideoURL` varchar(255) NOT NULL
) ENGINE=InnoDB DEFAULT CHARSET=utf8mb4 COLLATE=utf8mb4_unicode_ci;

--
-- Dumping data for table `videolibrary`
--

INSERT INTO `videolibrary` (`VideoID`, `VideoName`, `VideoURL`) VALUES
(1, 'กลาก (Ringworm)', 'https://youtu.be/RmNqEtn1314?si=guCxrm6CThwRbNJA'),
(2, 'COVID-19', 'https://youtu.be/xpuJVpc1JeY?si=qu_9vxfnCiKELavk'),
(4, 'งูสวัด (Shingles)', 'https://youtu.be/lmJl53QebMU?si=J4c8LSYw8ugi756A'),
(5, 'แก้ปัญหาการนอนหลับ', 'https://youtu.be/OFhTH6FYG7Y?si=4kRU1kASP6LoAw0o'),
(6, 'รับมือความเครียดทางจิตใจ', 'https://youtu.be/WG-sv15Nogc?si=lERKhM9Pt5bOG13x'),
(7, 'การปฐมพยาบาลด้วยผ้าพันแผล', 'https://youtu.be/_Ra0OAvFdBE?si=-CkAA-ylO9rokpcp'),
(8, 'การเลือกใช้ยาสามัญประจำบ้าน', 'https://youtu.be/To32yXMZ5n4?si=xi_P6oyrIRt1KItU'),
(9, 'อาหารช่วยการนอนหลับ ผ่อนคลายสมอง', 'https://youtu.be/jlQRAdrRpkw?si=KJuIN9x6kwWjT-CI'),
(10, 'ความดันโลหิตสูง (Hypertension)', 'https://youtu.be/C2tZEGk0HIM?si=7PtoRWGk8ImhJ1GG'),
(11, 'ผื่นคันตามตัว (Rash and Itching)', 'https://youtu.be/JTJ5D64iiKM?si=-OUnv9TzcWG69g4T'),
(12, 'ฝี (Abscess)', 'https://youtu.be/Lu3ONQPZwqw?si=3x9wl8sanY1FS39x'),
(13, 'ลมพิษ (Hives/Urticaria)', 'https://youtu.be/EcJ1DLoTEuQ?si=USH5vb9gV7LbpTQ8'),
(14, 'อีสุกอีใส (Chickenpox)', 'https://youtu.be/YzMG3iDysUQ?si=EcLoDVf-7AUcl_nM'),
(15, 'ไข้หวัดใหญ่ (Influenza/Flu)', 'https://youtu.be/AD3n8Ii5g7M?si=SEdMKRLxy5ZJRz2F'),
(16, 'แผลผุพองอักเสบ (Blisters and Inflamed Wounds)', 'https://youtu.be/jSTJA1cltvU?si=Yat9T37V0ieD8_Vs'),
(17, 'โรคไข้เลือดออก (Dengue Fever)', 'https://youtu.be/Lspd7XHAvLw?si=3g9uTdBdHpGO8EX1'),
(18, 'กุ้งยิง (Stye)', 'https://youtu.be/oj_3BZWLsV4?si=dRKg_DcV3u_NuK0m'),
(19, 'เริม (Herpes Simplex)', 'https://youtu.be/lxHrJK_o57I?si=Gqyq0ed03IvQslFG'),
(20, 'คัดจมูกแพ้อากาศ', 'https://youtu.be/pwFwQSGmg8s?si=LZQt4yl7Rv3KEmE7'),
(21, 'คางทูม (Mumps)', 'https://youtu.be/QkncouXudIc?si=hlDU-MOw68v3Jubr'),
(22, 'ต่อมทอนซิลอักเสบ (Tonsillitis)', 'https://youtu.be/P4z2dL3Zqvs?si=T3XL_S_SidjNBdb0'),
(23, 'ไซนัสอักเสบ (Sinusitis)', 'https://youtu.be/2QGHY5ybkts?si=2OgqStCE2_htV6vv'),
(25, 'ความดันต่ำหน้ามืดเวียนศีรษะ (Low Blood Pressure/Hypotension)', 'https://youtu.be/UnAgwWfDIww?si=gRDLEoZojT_mLi2b'),
(26, 'ริดสีดวงตา ', 'https://youtu.be/gPhrfhm-xRM?si=sqFstCjYhSKrbY1q'),
(27, 'ท้องร่วง (Diarrhea)', 'https://youtu.be/1i6RXLm-Evs?si=lV_ocTykDWKVfDXn'),
(28, 'ท้องเสีย (Dysentery)', 'https://youtu.be/JwB31w-E5Gc?si=wmOFZWgr_TJdYskl'),
(29, 'ใจสั่นใจหวิว (Palpitations)', 'https://youtu.be/2Rnw2ajZOhE?si=qcxejwN9I-x8jDyd'),
(30, 'กระเพาะปัสสาวะอักเสบ (Cystitis/Urinary Tract Infection - UTI)', 'https://youtu.be/UFA1NHMS05o?si=CvBcDWFQK3bG-7GL'),
(31, 'โรคติดต่อทางเพศ (Sexually Transmitted Infections - STIs)', 'https://youtu.be/qmByRyVGyiE?si=AdId4ebjLOLJSUw6'),
(32, 'เกาต์ (Gout)', 'https://youtu.be/IVySF1vznHA?si=MoIGwjkEELsLctC_'),
(33, 'ริดสีดวงทวาร (Hemorrhoids)', 'https://youtu.be/DawSzuM7MGE?si=656fIH0uEwq8CZBC'),
(34, 'ถ่ายมูกหรือมูกเลือด (Nasal Discharge or Nosebleeds)', 'https://youtu.be/_iK7j2Ie1dg?si=LgDzvD_gIjtQ7zv0'),
(35, 'บาดเจ็บจากการเล่นกีฬา', 'https://youtu.be/SxZ2uVqrZ60?si=WlMXYrCuNuoi_jRE'),
(36, 'ก้างปลาติดคอ', 'https://youtu.be/ikzTrNadepA?si=apEKjf4U-pgLfVVi'),
(37, 'บาดเจ็บจากของมีคม', 'https://youtu.be/PKuYV_d1zes?si=qMLyzciijvdA9pZY');

--
-- Indexes for dumped tables
--

--
-- Indexes for table `admins`
--
ALTER TABLE `admins`
  ADD PRIMARY KEY (`AdminID`);

--
-- Indexes for table `articleedits`
--
ALTER TABLE `articleedits`
  ADD PRIMARY KEY (`EditID`),
  ADD KEY `AdminID` (`AdminID`),
  ADD KEY `HealthArticleID` (`HealthArticleID`);

--
-- Indexes for table `categories`
--
ALTER TABLE `categories`
  ADD PRIMARY KEY (`CategoryID`);

--
-- Indexes for table `diseases`
--
ALTER TABLE `diseases`
  ADD PRIMARY KEY (`DiseaseID`),
  ADD KEY `CategoryID` (`CategoryID`);

--
-- Indexes for table `disease_medications`
--
ALTER TABLE `disease_medications`
  ADD PRIMARY KEY (`DiseaseID`,`MedicationID`),
  ADD KEY `MedicationID` (`MedicationID`);

--
-- Indexes for table `disease_treatments`
--
ALTER TABLE `disease_treatments`
  ADD PRIMARY KEY (`DiseaseID`,`TreatmentID`),
  ADD KEY `TreatmentID` (`TreatmentID`);

--
-- Indexes for table `feedbacks`
--
ALTER TABLE `feedbacks`
  ADD PRIMARY KEY (`FeedbackID`),
  ADD KEY `HealthArticleID` (`HealthArticleID`);

--
-- Indexes for table `healtharticles`
--
ALTER TABLE `healtharticles`
  ADD PRIMARY KEY (`HealthArticleID`),
  ADD KEY `AdminID` (`AdminID`),
  ADD KEY `DiseaseID` (`DiseaseID`),
  ADD KEY `ImageID` (`ImageID`),
  ADD KEY `VideoID` (`VideoID`);

--
-- Indexes for table `imagelibrary`
--
ALTER TABLE `imagelibrary`
  ADD PRIMARY KEY (`ImageID`);

--
-- Indexes for table `medications`
--
ALTER TABLE `medications`
  ADD PRIMARY KEY (`MedicationID`);

--
-- Indexes for table `treatments`
--
ALTER TABLE `treatments`
  ADD PRIMARY KEY (`TreatmentID`);

--
-- Indexes for table `videoarticles`
--
ALTER TABLE `videoarticles`
  ADD PRIMARY KEY (`VideoArticleID`),
  ADD KEY `VideoID` (`VideoID`),
  ADD KEY `AdminID` (`AdminID`),
  ADD KEY `imagearticles_ibfk_1` (`ImageID`);

--
-- Indexes for table `videolibrary`
--
ALTER TABLE `videolibrary`
  ADD PRIMARY KEY (`VideoID`);

--
-- AUTO_INCREMENT for dumped tables
--

--
-- AUTO_INCREMENT for table `admins`
--
ALTER TABLE `admins`
  MODIFY `AdminID` int(11) NOT NULL AUTO_INCREMENT, AUTO_INCREMENT=3;

--
-- AUTO_INCREMENT for table `articleedits`
--
ALTER TABLE `articleedits`
  MODIFY `EditID` int(11) NOT NULL AUTO_INCREMENT, AUTO_INCREMENT=54;

--
-- AUTO_INCREMENT for table `categories`
--
ALTER TABLE `categories`
  MODIFY `CategoryID` int(11) NOT NULL AUTO_INCREMENT, AUTO_INCREMENT=8;

--
-- AUTO_INCREMENT for table `diseases`
--
ALTER TABLE `diseases`
  MODIFY `DiseaseID` int(11) NOT NULL AUTO_INCREMENT, AUTO_INCREMENT=52;

--
-- AUTO_INCREMENT for table `feedbacks`
--
ALTER TABLE `feedbacks`
  MODIFY `FeedbackID` int(11) NOT NULL AUTO_INCREMENT, AUTO_INCREMENT=8;

--
-- AUTO_INCREMENT for table `healtharticles`
--
ALTER TABLE `healtharticles`
  MODIFY `HealthArticleID` int(11) NOT NULL AUTO_INCREMENT, AUTO_INCREMENT=52;

--
-- AUTO_INCREMENT for table `imagelibrary`
--
ALTER TABLE `imagelibrary`
  MODIFY `ImageID` int(11) NOT NULL AUTO_INCREMENT, AUTO_INCREMENT=43;

--
-- AUTO_INCREMENT for table `medications`
--
ALTER TABLE `medications`
  MODIFY `MedicationID` int(11) NOT NULL AUTO_INCREMENT, AUTO_INCREMENT=55;

--
-- AUTO_INCREMENT for table `treatments`
--
ALTER TABLE `treatments`
  MODIFY `TreatmentID` int(11) NOT NULL AUTO_INCREMENT, AUTO_INCREMENT=40;

--
-- AUTO_INCREMENT for table `videoarticles`
--
ALTER TABLE `videoarticles`
  MODIFY `VideoArticleID` int(11) NOT NULL AUTO_INCREMENT, AUTO_INCREMENT=7;

--
-- AUTO_INCREMENT for table `videolibrary`
--
ALTER TABLE `videolibrary`
  MODIFY `VideoID` int(11) NOT NULL AUTO_INCREMENT, AUTO_INCREMENT=38;

--
-- Constraints for dumped tables
--

--
-- Constraints for table `articleedits`
--
ALTER TABLE `articleedits`
  ADD CONSTRAINT `articleedits_ibfk_1` FOREIGN KEY (`HealthArticleID`) REFERENCES `healtharticles` (`HealthArticleID`) ON DELETE CASCADE,
  ADD CONSTRAINT `articleedits_ibfk_2` FOREIGN KEY (`AdminID`) REFERENCES `admins` (`AdminID`);

--
-- Constraints for table `diseases`
--
ALTER TABLE `diseases`
  ADD CONSTRAINT `diseases_ibfk_1` FOREIGN KEY (`CategoryID`) REFERENCES `categories` (`CategoryID`);

--
-- Constraints for table `disease_medications`
--
ALTER TABLE `disease_medications`
  ADD CONSTRAINT `disease_medications_ibfk_1` FOREIGN KEY (`DiseaseID`) REFERENCES `diseases` (`DiseaseID`) ON DELETE CASCADE,
  ADD CONSTRAINT `disease_medications_ibfk_2` FOREIGN KEY (`MedicationID`) REFERENCES `medications` (`MedicationID`) ON DELETE CASCADE;

--
-- Constraints for table `disease_treatments`
--
ALTER TABLE `disease_treatments`
  ADD CONSTRAINT `disease_treatments_ibfk_1` FOREIGN KEY (`DiseaseID`) REFERENCES `diseases` (`DiseaseID`) ON DELETE CASCADE,
  ADD CONSTRAINT `disease_treatments_ibfk_2` FOREIGN KEY (`TreatmentID`) REFERENCES `treatments` (`TreatmentID`) ON DELETE CASCADE;

--
-- Constraints for table `feedbacks`
--
ALTER TABLE `feedbacks`
  ADD CONSTRAINT `feedbacks_ibfk_1` FOREIGN KEY (`HealthArticleID`) REFERENCES `healtharticles` (`HealthArticleID`) ON DELETE CASCADE;

--
-- Constraints for table `healtharticles`
--
ALTER TABLE `healtharticles`
  ADD CONSTRAINT `healtharticles_ibfk_1` FOREIGN KEY (`DiseaseID`) REFERENCES `diseases` (`DiseaseID`) ON DELETE CASCADE,
  ADD CONSTRAINT `healtharticles_ibfk_2` FOREIGN KEY (`ImageID`) REFERENCES `imagelibrary` (`ImageID`),
  ADD CONSTRAINT `healtharticles_ibfk_3` FOREIGN KEY (`VideoID`) REFERENCES `videolibrary` (`VideoID`) ON DELETE SET NULL,
  ADD CONSTRAINT `healtharticles_ibfk_4` FOREIGN KEY (`AdminID`) REFERENCES `admins` (`AdminID`);

--
-- Constraints for table `videoarticles`
--
ALTER TABLE `videoarticles`
  ADD CONSTRAINT `imagearticles_ibfk_1` FOREIGN KEY (`ImageID`) REFERENCES `imagelibrary` (`ImageID`),
  ADD CONSTRAINT `videoarticles_ibfk_1` FOREIGN KEY (`VideoID`) REFERENCES `videolibrary` (`VideoID`),
  ADD CONSTRAINT `videoarticles_ibfk_2` FOREIGN KEY (`AdminID`) REFERENCES `admins` (`AdminID`);
COMMIT;

/*!40101 SET CHARACTER_SET_CLIENT=@OLD_CHARACTER_SET_CLIENT */;
/*!40101 SET CHARACTER_SET_RESULTS=@OLD_CHARACTER_SET_RESULTS */;
/*!40101 SET COLLATION_CONNECTION=@OLD_COLLATION_CONNECTION */;
